date_of_birth,age,email
1996-02-28T20:28:28.172Z,26,fatih.cagiran@example.com
1963-03-01T07:07:12.332Z,59,dhiradj.venhorst@example.com
1958-11-02T04:24:13.511Z,64,romane.pierre@example.com
1993-08-31T14:56:22.962Z,29,awyn.khrymy@example.com
1978-12-09T02:07:16.198Z,44,rasmus.hansen@example.com
1989-04-10T19:42:01.578Z,33,esat.akar@example.com
1951-06-12T21:28:12.844Z,71,violet.morrison@example.com
1975-11-19T22:45:52.958Z,47,esma.sinanoglu@example.com
1975-09-18T02:37:18.564Z,47,sanni.kyllonen@example.com
1996-05-25T10:09:34.729Z,26,carter.cote@example.com
1954-12-27T02:46:53.760Z,68,villads.nielsen@example.com
1996-08-31T09:49:02.746Z,26,dylan.fortin@example.com
1988-05-05T20:09:39.941Z,34,benjamin.thompson@example.com
1990-09-29T15:57:01.487Z,32,nazik.verstraten@example.com
1966-06-13T16:22:23.649Z,56,yme.vandenmaagdenberg@example.com
1996-11-12T20:01:05.867Z,26,sandra.gallego@example.com
1979-07-19T11:51:01.892Z,43,benjamin.bergeron@example.com
1991-11-01T10:10:46.642Z,31,wiktoria.vollan@example.com
1977-11-18T03:15:44.208Z,45,rachel.forsund@example.com
1975-07-12T05:25:49.290Z,47,julian.soler@example.com
1970-03-24T12:06:12.423Z,52,ines.caballero@example.com
1950-10-11T18:42:36.046Z,72,ella.saksa@example.com
1967-12-31T03:39:56.167Z,55,ole.lidal@example.com
1957-04-07T21:33:21.836Z,65,zachary.kowalski@example.com
1987-09-10T11:52:47.699Z,35,stanislaw.mohammadi@example.com
1984-09-27T13:05:58.625Z,38,phillip.castro@example.com
1966-11-28T20:41:55.476Z,56,freya.jackson@example.com
1954-03-04T07:49:43.204Z,68,nuran.weterings@example.com
1953-04-21T06:23:33.371Z,69,ida.soto@example.com
1961-04-19T17:05:13.824Z,61,emrik.ronne@example.com
1949-03-10T12:42:24.903Z,73,victoria.bergeron@example.com
1960-02-21T05:31:53.694Z,62,ricarda.meyer@example.com
1979-11-17T11:39:21.978Z,43,zacarias.castro@example.com
1983-06-27T17:01:12.627Z,39,jerry.castro@example.com
1995-11-07T04:08:07.191Z,27,olivia.seppala@example.com
1949-08-21T10:03:09.794Z,73,minttu.heikkinen@example.com
1980-02-22T06:26:12.849Z,42,sofie.petersen@example.com
1956-12-27T09:14:03.211Z,66,jordan.cooper@example.com
1992-08-30T11:29:33.983Z,30,miriam.armstrong@example.com
1956-07-19T23:38:31.251Z,66,andrea.petersen@example.com
1974-05-23T15:06:00.058Z,48,virginia.silveira@example.com
1980-04-13T23:41:19.005Z,42,perry.wagner@example.com
1973-03-09T02:48:07.486Z,49,bernardete.gomes@example.com
1996-09-25T15:10:04.300Z,26,astrid.christiansen@example.com
1996-02-16T13:19:01.288Z,26,philippe.wilson@example.com
1957-05-03T03:59:30.289Z,65,flynn.turner@example.com
1944-10-15T00:02:56.725Z,78,charles.walker@example.com
1952-10-01T10:56:01.460Z,70,sigmund.finnerud@example.com
1985-03-22T00:58:33.238Z,37,agathe.westphal@example.com
1981-10-16T02:29:55.543Z,41,isabella.zhang@example.com
1974-01-12T19:28:59.938Z,48,oscar.nielsen@example.com
1993-04-25T11:41:35.348Z,29,sm.shylyrd@example.com
1983-11-13T06:21:43.558Z,39,meire.rodrigues@example.com
1980-02-01T07:07:46.747Z,42,joshua.curtis@example.com
1972-12-11T20:55:55.305Z,50,henriette.boyer@example.com
1955-11-27T10:03:35.310Z,67,jerome.bailey@example.com
1983-02-07T18:58:49.115Z,39,consuelo.gallardo@example.com
1991-08-09T08:25:03.408Z,31,gloria.morin@example.com
1944-08-31T22:39:12.721Z,78,hilla.leinonen@example.com
1984-02-15T23:59:01.711Z,38,rodrigo.gaillard@example.com
1983-08-27T16:35:46.183Z,39,marie.dietrich@example.com
1975-03-26T10:11:04.958Z,47,aiden.wang@example.com
1998-02-02T09:16:24.745Z,24,cooper.robinson@example.com
1956-05-24T00:57:11.301Z,66,bob.brown@example.com
1992-10-30T06:05:02.593Z,30,fortunata.pereira@example.com
1990-01-03T04:13:48.890Z,32,camille.anderson@example.com
1979-07-08T07:10:31.060Z,43,sandy.brauer@example.com
1960-03-18T00:51:56.969Z,62,telse.haarmann@example.com
1954-09-26T09:24:14.100Z,68,marzena.manthey@example.com
1960-10-12T04:02:03.104Z,62,talisa.sonmez@example.com
1958-08-07T17:58:05.790Z,64,theo.laurent@example.com
1964-09-26T19:45:01.092Z,58,lucy.perkins@example.com
1978-07-27T00:59:39.694Z,44,rafael.flores@example.com
1991-06-21T15:05:54.832Z,31,egbert.haake@example.com
1974-05-20T12:57:06.107Z,48,mrym.jaafry@example.com
1987-08-08T20:18:46.832Z,35,noelia.roman@example.com
1996-06-27T00:48:52.751Z,26,beau.white@example.com
1947-02-01T02:40:10.717Z,75,lily.roche@example.com
1948-05-02T07:44:36.104Z,74,maya.mackay@example.com
1990-08-04T19:48:31.710Z,32,mahe.schmitt@example.com
1967-12-06T23:47:25.187Z,55,cirleni.mendes@example.com
1964-04-07T00:53:32.235Z,58,nicole.lindqvist@example.com
1983-02-26T01:42:44.577Z,39,sara.moller@example.com
1955-01-14T11:42:43.584Z,67,javier.pascual@example.com
1962-11-14T15:42:18.957Z,60,kristin.jensen@example.com
1951-02-26T10:05:31.195Z,71,victor.kristensen@example.com
1983-02-24T18:40:19.071Z,39,sesinando.cavalcanti@example.com
1947-05-03T04:19:15.913Z,75,felipe.castro@example.com
1998-08-29T03:59:56.245Z,24,ralph.james@example.com
1968-08-18T21:40:55.783Z,54,volkan.sezek@example.com
1998-08-28T02:19:09.128Z,24,emily.bjorstad@example.com
1966-07-20T19:15:58.923Z,56,molly.neal@example.com
1975-01-16T19:22:47.771Z,47,mariana.renaud@example.com
1973-06-27T17:28:58.165Z,49,mehmet.agaoglu@example.com
1967-11-29T19:30:29.605Z,55,benjamin.bates@example.com
1970-11-22T02:13:27.548Z,52,linnea.kokko@example.com
1993-03-17T08:06:17.995Z,29,bruce.torres@example.com
1958-04-24T13:45:58.954Z,64,julius.makela@example.com
1955-02-07T02:57:04.170Z,67,charlene.alves@example.com
1956-12-31T00:31:37.188Z,66,sara.luoma@example.com
1954-10-13T13:09:55.425Z,68,jeppe.devlugt@example.com
1998-02-05T00:56:53.482Z,24,elmer.tucker@example.com
1958-06-06T02:00:25.817Z,64,mathis.fonn@example.com
1987-05-20T15:53:05.676Z,35,sina.pilskog@example.com
1992-06-17T18:42:15.599Z,30,charly.guerin@example.com
1988-11-28T10:34:00.411Z,34,toivo.kivela@example.com
1970-04-22T13:38:00.726Z,52,mhn.qsmy@example.com
1973-07-25T08:35:51.774Z,49,pierre-andre.philippe@example.com
1961-03-10T20:26:25.532Z,61,rosario.garcia@example.com
1965-10-30T21:40:32.428Z,57,maya.michel@example.com
1950-12-27T21:04:29.713Z,72,aatu.lepisto@example.com
1959-09-20T04:00:16.263Z,63,niyazi.hess@example.com
1955-07-03T01:06:45.409Z,67,olivier.linge@example.com
1959-11-30T03:47:29.310Z,63,vernon.may@example.com
1950-03-25T03:49:57.210Z,72,ricardo.martin@example.com
1958-04-03T05:39:44.272Z,64,oya.kuday@example.com
1980-11-24T08:10:22.932Z,42,phoebe.chen@example.com
1987-09-05T08:13:17.817Z,35,emma.christiansen@example.com
1954-02-02T07:45:21.182Z,68,don.wood@example.com
1971-01-11T04:14:47.386Z,51,leanne.chow@example.com
1987-09-09T04:30:55.966Z,35,alex.allen@example.com
1981-06-19T00:32:50.594Z,41,james.park@example.com
1961-07-29T12:15:32.392Z,61,vitor.silveira@example.com
1985-04-14T04:02:58.712Z,37,gerardo.nieto@example.com
1990-04-25T06:45:50.737Z,32,allie.craig@example.com
1989-09-01T11:42:50.844Z,33,ludmilla.seeliger@example.com
1967-08-30T01:40:26.734Z,55,ryder.williams@example.com
1963-08-21T10:57:02.966Z,59,nicoline.pedersen@example.com
1952-03-25T20:55:15.386Z,70,emre.velioglu@example.com
1974-01-11T14:22:01.834Z,48,gul.limoncuoglu@example.com
1965-09-07T08:20:23.645Z,57,matteo.garnier@example.com
1987-01-12T17:53:48.378Z,35,ahmet.gonultas@example.com
1996-04-13T07:14:35.241Z,26,walter.cole@example.com
1962-10-24T11:42:11.313Z,60,ege.ozgorkey@example.com
1978-08-28T03:43:58.937Z,44,bia.ramos@example.com
1992-06-01T02:38:38.749Z,30,gloria.germann@example.com
1944-08-25T22:35:06.581Z,78,berkan.schoonhoven@example.com
1971-09-10T02:31:48.972Z,51,kelly.murphy@example.com
1997-03-01T10:51:00.011Z,25,nina.li@example.com
1996-10-13T05:49:53.883Z,26,jacob.olsen@example.com
1948-08-20T01:59:13.538Z,74,courtney.barrett@example.com
1979-11-28T09:20:42.618Z,43,nooa.waisanen@example.com
1991-09-29T23:27:08.821Z,31,logan.wong@example.com
1984-10-23T03:09:31.565Z,38,josiane.muller@example.com
1961-08-20T04:18:50.109Z,61,tom.king@example.com
1991-12-12T07:22:54.840Z,31,claudine.goncalves@example.com
1974-06-06T05:31:03.050Z,48,hly.mrdy@example.com
1997-10-30T01:56:46.537Z,25,fatma.dusenkalkar@example.com
1986-08-03T20:49:28.359Z,36,alicia.garrett@example.com
1987-09-03T19:59:18.499Z,35,enzo.garnier@example.com
1996-09-20T20:50:11.731Z,26,tara.hasse@example.com
1955-11-23T01:42:16.879Z,67,baris.aclan@example.com
1950-07-26T13:45:51.916Z,72,mattie.smith@example.com
1963-02-20T19:12:00.839Z,59,warren.perry@example.com
1981-11-20T23:59:04.143Z,41,allison.vargas@example.com
1963-08-13T10:48:24.251Z,59,lauren.sullivan@example.com
1984-12-12T17:56:34.534Z,38,nalan.aksit@example.com
1954-02-24T01:49:25.485Z,68,kathrine.antonsen@example.com
1959-02-15T17:25:11.333Z,63,chad.white@example.com
1997-09-08T04:28:47.111Z,25,erik.ward@example.com
1974-08-02T10:01:19.035Z,48,milka.goldbach@example.com
1949-04-08T15:36:27.609Z,73,harper.belanger@example.com
1946-08-17T20:50:03.405Z,76,lillie.williams@example.com
1997-07-26T21:48:58.358Z,25,emil.alexander@example.com
1977-04-19T15:07:31.603Z,45,karl-hans.diederichs@example.com
1964-04-01T18:30:18.860Z,58,tonya.freeman@example.com
1965-10-26T19:51:44.702Z,57,sara.salminen@example.com
1981-12-19T22:42:43.830Z,41,amanda.payne@example.com
1944-10-16T02:48:35.240Z,78,soraya.roux@example.com
1990-12-19T07:51:26.182Z,32,oceane.guillot@example.com
1992-08-03T06:48:30.967Z,30,carsta.darosa@example.com
1974-08-18T13:07:39.536Z,48,leonor.gomes@example.com
1996-06-27T02:23:05.015Z,26,kenan.evliyaoglu@example.com
1985-07-13T10:24:50.887Z,37,solveig.arendt@example.com
1996-11-09T10:38:51.499Z,26,laurie.newman@example.com
1944-11-22T18:31:49.752Z,78,ariel.pinto@example.com
1993-09-22T15:30:14.998Z,29,megan.hall@example.com
1971-08-02T10:02:48.868Z,51,mona.bertrand@example.com
1980-10-05T20:21:19.393Z,42,eemil.ruona@example.com
1979-05-17T21:40:27.295Z,43,german.mora@example.com
1980-07-11T02:56:20.957Z,42,jeremy.morris@example.com
1979-08-20T02:32:40.476Z,43,franjo.reimer@example.com
1996-12-26T14:46:15.864Z,26,rasmus.larsen@example.com
1995-07-13T21:08:04.019Z,27,bobby.pierce@example.com
1944-09-28T22:14:15.963Z,78,adam.christiansen@example.com
1995-11-27T21:37:48.388Z,27,tommy.vargas@example.com
1946-05-12T00:45:08.797Z,76,cicera.barbosa@example.com
1992-06-19T05:18:19.264Z,30,adina.remen@example.com
1996-04-05T06:03:44.124Z,26,hayley.harris@example.com
1964-09-22T17:36:08.980Z,58,sryn.nkwnzr@example.com
1984-06-12T11:58:27.864Z,38,manel.santos@example.com
1976-08-21T16:19:26.350Z,46,hedwig.matheis@example.com
1962-08-09T22:13:31.676Z,60,jen.mccoy@example.com
1947-03-23T17:25:18.813Z,75,sheryl.walters@example.com
1971-04-28T14:38:38.307Z,51,lillie.brown@example.com
1962-08-25T12:52:48.766Z,60,sebastian.jensen@example.com
1987-10-06T19:49:00.930Z,35,nikoline.nyhus@example.com
1964-07-02T00:08:39.297Z,58,silje.nielsen@example.com
1954-12-08T15:42:17.186Z,68,umut.tunaboylu@example.com
1998-03-08T08:02:34.232Z,24,franka.lucas@example.com
1997-04-30T19:57:39.200Z,25,ridwan.halland@example.com
1970-09-13T07:29:40.745Z,52,leanne.lo@example.com
1978-11-11T02:46:22.386Z,44,samantha.baker@example.com
1990-05-27T10:49:35.849Z,32,xavier.ennis@example.com
1996-09-19T03:08:16.412Z,26,axelle.gauthier@example.com
1956-03-17T10:11:53.131Z,66,antoine.lavigne@example.com
1977-02-16T08:54:27.071Z,45,soham.hart@example.com
1981-09-21T06:46:52.341Z,41,yara.vanderwalle@example.com
1979-12-26T22:59:05.552Z,43,raul.jennings@example.com
1969-08-13T18:15:07.987Z,53,anastacia.silveira@example.com
1949-11-22T08:30:43.939Z,73,maia.hall@example.com
1969-01-22T04:09:24.503Z,53,raquel.mora@example.com
1969-12-27T01:22:37.175Z,53,maurice.ellis@example.com
1981-12-21T07:15:50.137Z,41,brad.diaz@example.com
1969-08-17T04:13:07.989Z,53,prs.hmdy@example.com
1994-08-13T01:52:22.166Z,28,onal.turkyilmaz@example.com
1950-04-16T08:02:55.332Z,72,lourdes.herrero@example.com
1966-11-16T02:47:37.212Z,56,belinda.tip@example.com
1996-06-08T07:10:28.758Z,26,esther.vazquez@example.com
1949-01-27T22:58:58.746Z,73,ewa.blome@example.com
1979-01-10T17:40:10.685Z,43,tristan.miller@example.com
1996-03-07T16:11:44.354Z,26,julian.henry@example.com
1949-12-15T07:27:48.839Z,73,maria.jackson@example.com
1960-06-22T01:17:55.446Z,62,julianne.friberg@example.com
1955-07-18T02:04:20.603Z,67,anne.weaver@example.com
1988-10-16T17:29:59.791Z,34,zoe.webb@example.com
1972-11-07T17:05:28.448Z,50,oceano.aragao@example.com
1951-07-14T04:50:51.955Z,71,anna.soto@example.com
1984-10-15T15:34:30.965Z,38,deniz.erbulak@example.com
1967-12-28T03:30:20.956Z,55,florence.gagnon@example.com
1951-12-11T07:07:02.290Z,71,sofie.andersen@example.com
1945-09-16T10:41:28.261Z,77,dan.sieber@example.com
1992-01-03T22:21:36.015Z,30,ln.njty@example.com
1980-08-12T12:21:12.658Z,42,kim.stephens@example.com
1981-02-06T04:25:16.967Z,41,belina.rocha@example.com
1961-04-21T09:40:41.554Z,61,emily.sorensen@example.com
1982-05-20T19:24:47.207Z,40,guillaume.rodriguez@example.com
1945-07-06T01:28:25.705Z,77,mlyn.sdr@example.com
1962-06-19T08:05:05.907Z,60,wyatt.ramirez@example.com
1957-11-06T01:06:42.948Z,65,hillechiena.borsboom@example.com
1984-07-14T20:31:08.958Z,38,corinna.garnier@example.com
1981-12-11T00:10:53.046Z,41,lance.pierce@example.com
1968-06-19T11:36:50.383Z,54,eeli.mattila@example.com
1955-08-24T01:47:53.567Z,67,deniz.karaduman@example.com
1947-09-26T18:42:02.420Z,75,imane.daalmeijer@example.com
1961-02-08T22:20:44.091Z,61,fanny.guillaume@example.com
1945-09-01T11:00:37.158Z,77,sara.hautala@example.com
1946-02-24T15:04:33.295Z,76,debra.burton@example.com
1995-08-11T10:24:29.681Z,27,arturo.lorenzo@example.com
1965-12-14T13:17:41.496Z,57,ulku.hakyemez@example.com
1959-11-15T14:19:11.838Z,63,ege.keseroglu@example.com
1953-08-28T10:01:04.910Z,69,oliver.leinonen@example.com
1989-10-02T14:07:21.056Z,33,wyatt.bates@example.com
1989-10-27T06:29:45.173Z,33,felix.kristensen@example.com
1995-02-12T21:13:34.987Z,27,andres.suarez@example.com
1976-01-05T20:35:54.876Z,46,lyn.mhmdkhn@example.com
1955-07-24T11:31:55.393Z,67,jonathan.notten@example.com
1966-09-11T23:09:35.815Z,56,asher.robinson@example.com
1958-07-28T06:35:57.461Z,64,alyssia.lopez@example.com
1979-12-07T14:27:54.231Z,43,greg.morgan@example.com
1990-05-11T22:58:33.734Z,32,sturla.slette@example.com
1980-10-10T08:49:43.689Z,42,victor.barnaby@example.com
1953-02-11T01:54:35.103Z,69,ralph.chevalier@example.com
1961-03-16T00:50:31.296Z,61,aynz.sdr@example.com
1951-04-17T10:52:32.819Z,71,andrea.jorgensen@example.com
1964-07-03T22:50:50.712Z,58,louise.richards@example.com
1954-08-15T11:04:21.053Z,68,thibault.simon@example.com
1994-08-23T07:31:24.249Z,28,hazel.garza@example.com
1995-06-25T11:18:36.538Z,27,ellen.lambert@example.com
1975-08-05T18:02:34.207Z,47,denis.langhelle@example.com
1977-03-18T03:25:18.407Z,45,charlotte.cook@example.com
1989-01-15T05:37:13.358Z,33,isabella.moller@example.com
1957-01-14T08:06:18.794Z,65,kate.rodriguez@example.com
1993-03-06T08:38:47.229Z,29,lara.lopez@example.com
1997-08-30T06:47:02.124Z,25,andrea.cortes@example.com
1946-07-03T19:51:26.522Z,76,josefa.bravo@example.com
1983-09-22T07:42:48.239Z,39,tamar.schillemans@example.com
1985-04-10T06:21:12.876Z,37,ambre.clement@example.com
1946-04-30T02:36:29.568Z,76,imogen.roberts@example.com
1952-12-25T13:28:36.666Z,70,abdulahi.nieuwenhuijs@example.com
1973-03-25T06:00:54.345Z,49,felix.clark@example.com
1956-12-20T03:55:36.962Z,66,ava.anderson@example.com
1988-05-09T01:10:57.695Z,34,th.khwty@example.com
1995-03-01T07:00:30.332Z,27,grace.montgomery@example.com
1955-03-19T15:56:47.162Z,67,noah.perrin@example.com
1988-09-20T04:39:34.959Z,34,elizabeth.turner@example.com
1963-07-08T18:16:22.941Z,59,mariano.marquez@example.com
1989-12-16T10:14:46.079Z,33,etiene.pinto@example.com
1989-05-20T09:48:03.266Z,33,lucas.taylor@example.com
1992-06-04T02:27:43.738Z,30,dirk.girard@example.com
1988-12-13T16:07:35.309Z,34,morgan.durand@example.com
1971-08-21T05:32:01.625Z,51,francisco.schmidt@example.com
1965-12-29T04:07:08.183Z,57,aquiles.monteiro@example.com
1945-08-24T14:05:07.573Z,77,julia.morin@example.com
1962-11-20T08:45:52.625Z,60,adrien.brunet@example.com
1953-05-13T18:27:35.201Z,69,iselin.bergan@example.com
1989-06-20T23:11:14.412Z,33,jean.carlson@example.com
1974-12-15T21:34:03.998Z,48,paula.arias@example.com
1975-05-23T04:20:51.272Z,47,sofie.nielsen@example.com
1995-12-18T05:23:29.917Z,27,mari.storheim@example.com
1970-07-07T14:15:39.390Z,52,louis.perkins@example.com
1958-11-27T20:09:08.001Z,64,emily.patel@example.com
1981-10-03T10:16:42.930Z,41,buse.abanuz@example.com
1973-04-23T14:21:35.940Z,49,xavier.martin@example.com
1947-10-29T06:46:53.829Z,75,julian.fernandez@example.com
1953-11-21T12:56:50.923Z,69,margie.flores@example.com
1994-02-27T15:08:37.983Z,28,bertram.olsen@example.com
1974-12-02T09:34:55.259Z,48,claude.dixon@example.com
1987-10-12T18:22:13.151Z,35,jessica.opgard@example.com
1997-07-09T12:53:22.594Z,25,isaiah.kelley@example.com
1965-08-07T02:18:31.887Z,57,janardo.dacunha@example.com
1979-05-23T10:45:29.048Z,43,iiris.laitinen@example.com
1976-05-12T07:14:24.824Z,46,hilda.araujo@example.com
1974-12-09T08:53:28.029Z,48,onal.ozansoy@example.com
1981-11-12T14:35:18.009Z,41,sandra.serrano@example.com
1977-09-23T23:20:35.996Z,45,luciano.kempf@example.com
1987-01-30T10:54:22.970Z,35,linda.wilson@example.com
1973-12-11T05:52:41.222Z,49,adryn.sdr@example.com
1968-06-28T13:39:57.820Z,54,naciye.trommelen@example.com
1987-11-14T12:22:13.835Z,35,joanne.morris@example.com
1954-04-15T08:55:57.944Z,68,mhn.kmyrn@example.com
1979-03-20T04:12:02.742Z,43,nikolaj.petersen@example.com
1983-11-02T06:21:24.436Z,39,jasmine.taylor@example.com
1970-06-20T10:48:01.218Z,52,isla.morris@example.com
1966-10-24T00:03:05.789Z,56,mny.rdyyn@example.com
1964-12-07T03:44:11.520Z,58,heather.gomez@example.com
1980-07-08T14:00:28.181Z,42,jessie.james@example.com
1945-08-04T12:42:37.484Z,77,stella.turner@example.com
1984-03-27T13:01:50.330Z,38,aalyrd.ysmy@example.com
1954-08-28T05:20:24.266Z,68,alisa.jokela@example.com
1977-12-08T19:22:45.165Z,45,lucas.byrd@example.com
1944-09-04T12:55:37.496Z,78,asta.olsen@example.com
1992-07-01T05:47:06.137Z,30,freja.presthus@example.com
1994-02-03T11:49:31.530Z,28,tammy.hicks@example.com
1980-09-22T23:38:16.341Z,42,milan.bacher@example.com
1989-08-25T15:13:33.469Z,33,luukas.kyllonen@example.com
1954-01-19T02:56:45.369Z,68,naja.jensen@example.com
1960-01-06T04:07:20.899Z,62,sedat.hendricks@example.com
1962-05-09T04:17:00.312Z,60,monica.leon@example.com
1986-08-26T20:56:16.810Z,36,thn.hmdy@example.com
1983-09-27T14:23:24.619Z,39,zoica.silveira@example.com
1959-03-22T22:07:28.276Z,63,lewis.lambert@example.com
1996-06-17T19:52:42.954Z,26,leanne.ennis@example.com
1948-10-09T20:26:53.221Z,74,tyler.watkins@example.com
1995-07-25T11:37:01.629Z,27,bradley.davidson@example.com
1996-09-25T20:44:13.144Z,26,ethan.pelletier@example.com
1960-05-04T02:25:45.599Z,62,molly.martin@example.com
1962-06-15T22:26:33.324Z,60,esat.turkyilmaz@example.com
1952-04-18T07:16:24.789Z,70,manon.mathieu@example.com
1997-03-20T22:08:21.498Z,25,charlie.ressem@example.com
1985-01-18T21:45:10.540Z,37,eliott.legrand@example.com
1956-07-27T22:11:50.923Z,66,ulku.ozbey@example.com
1987-04-14T16:13:46.457Z,35,armyn.jaafry@example.com
1964-01-08T09:18:05.800Z,58,annie.silva@example.com
1963-05-17T03:03:37.426Z,59,andrea.hegg@example.com
1988-07-28T22:11:50.931Z,34,jacob.sirko@example.com
1948-11-26T09:25:51.938Z,74,elliot.brown@example.com
1982-04-21T04:09:41.610Z,40,eivind.rongved@example.com
1990-03-20T09:01:08.043Z,32,victoria.nielsen@example.com
1975-06-24T00:22:53.120Z,47,louis.king@example.com
1994-10-19T07:33:31.950Z,28,aabs.aalyzdh@example.com
1989-01-09T02:52:55.984Z,33,fadime.kiel@example.com
1983-12-14T02:46:34.600Z,39,ritthy.alvarez@example.com
1976-01-04T20:59:38.526Z,46,gordon.webb@example.com
1998-08-01T12:29:39.110Z,24,jenny.wood@example.com
1965-04-02T22:19:25.383Z,57,mhdy.jaafry@example.com
1998-05-09T10:15:55.698Z,24,brett.holmes@example.com
1991-11-22T14:41:56.116Z,31,ftmh.glshn@example.com
1954-03-14T13:26:50.811Z,68,muna.netland@example.com
1987-05-06T09:34:37.555Z,35,eleanor.jimenez@example.com
1986-12-27T08:57:15.127Z,36,alfredo.shelton@example.com
1973-11-18T04:55:36.242Z,49,anina.robert@example.com
1995-10-26T11:14:32.044Z,27,delia.dias@example.com
1995-04-04T18:52:51.979Z,27,estelle.deschamps@example.com
1970-09-14T03:33:28.496Z,52,maddison.howell@example.com
1957-01-03T08:56:18.587Z,65,darrell.bates@example.com
1946-06-26T02:28:35.871Z,76,amber.nelson@example.com
1997-06-29T20:47:34.022Z,25,jim.fields@example.com
1955-11-26T16:09:59.767Z,67,rasmus.takala@example.com
1976-12-22T23:07:02.490Z,46,ahmed.sjovold@example.com
1959-07-08T23:29:22.130Z,63,jo.marshall@example.com
1957-08-17T12:55:31.974Z,65,konsta.heino@example.com
1953-10-11T05:04:09.315Z,69,coline.martinez@example.com
1962-03-09T11:40:11.488Z,60,hugo.hernandez@example.com
1990-04-02T06:38:00.278Z,32,ahmad.berger@example.com
1965-10-13T09:35:28.140Z,57,filippa.kristensen@example.com
1960-12-26T07:58:29.806Z,62,francisca.dacunha@example.com
1965-04-14T12:14:40.976Z,57,adriana.carrasco@example.com
1961-09-11T08:53:29.206Z,61,ilona.saari@example.com
1957-12-25T21:06:35.501Z,65,sebastian.daniels@example.com
1945-08-02T03:38:58.215Z,77,deniz.ozdenak@example.com
1949-04-23T05:00:33.075Z,73,ella.ford@example.com
1949-11-02T19:12:13.608Z,73,andrew.roussel@example.com
1967-06-15T05:07:23.288Z,55,florence.fortin@example.com
1995-10-09T16:15:46.433Z,27,angeles.leon@example.com
1958-12-27T01:13:46.765Z,64,dwayne.mckinney@example.com
1954-06-28T17:35:26.730Z,68,toby.zhang@example.com
1983-04-23T11:10:03.729Z,39,seleso.jesus@example.com
1959-05-22T13:57:51.114Z,63,mads.olsen@example.com
1988-10-09T16:39:34.274Z,34,brn.khwty@example.com
1967-06-24T14:03:42.782Z,55,thibaut.lopez@example.com
1948-08-03T08:54:20.332Z,74,bruno.lefevre@example.com
1958-10-17T10:54:10.002Z,64,chad.hall@example.com
1990-03-24T11:34:32.049Z,32,iina.salonen@example.com
1954-02-19T15:50:06.234Z,68,gerlind.lindemann@example.com
1949-08-19T06:27:06.255Z,73,khwrwsh.slry@example.com
1964-07-10T07:46:16.100Z,58,nznyn.hsyny@example.com
1958-10-27T13:42:12.152Z,64,nicete.rodrigues@example.com
1963-02-11T08:11:36.812Z,59,thais.nicolas@example.com
1980-01-17T04:48:37.693Z,42,aubrey.harcourt@example.com
1977-04-24T15:10:24.457Z,45,fanny.martin@example.com
1952-09-07T22:46:57.790Z,70,carter.jean-baptiste@example.com
1985-03-16T20:03:56.252Z,37,tracy.barnes@example.com
1986-03-02T00:46:55.150Z,36,zaza.vriends@example.com
1984-08-02T12:01:04.884Z,38,ozsu.durmaz@example.com
1975-02-06T14:18:17.218Z,47,megan.howard@example.com
1976-01-14T20:43:24.973Z,46,karl.morales@example.com
1950-12-15T19:30:37.133Z,72,anabela.renaud@example.com
1996-05-14T20:18:18.570Z,26,ronja.elo@example.com
1966-11-15T14:02:53.703Z,56,hans-detlef.moser@example.com
1949-02-01T06:42:32.693Z,73,melvin.king@example.com
1976-05-30T09:18:19.307Z,46,yves.robert@example.com
1946-12-18T08:12:10.460Z,76,judy.montgomery@example.com
1996-09-07T17:19:40.052Z,26,terrence.walters@example.com
1992-07-14T11:24:25.319Z,30,leslie.cox@example.com
1952-07-24T16:38:28.853Z,70,logan.thomas@example.com
1975-11-08T04:09:13.708Z,47,camille.nicolas@example.com
1945-09-28T21:06:11.470Z,77,pierre.brunet@example.com
1950-01-11T00:28:11.648Z,72,emil.koskinen@example.com
1970-04-26T12:02:04.516Z,52,deniz.eronat@example.com
1968-09-28T19:32:54.864Z,54,ezra.king@example.com
1967-02-03T07:24:48.654Z,55,rudinele.darosa@example.com
1987-02-25T23:29:12.912Z,35,romaisae.vandenadel@example.com
1983-01-19T17:25:45.183Z,39,jayden.ambrose@example.com
1990-09-20T01:07:40.312Z,32,philip.morgan@example.com
1955-03-08T19:37:04.357Z,67,addison.french@example.com
1965-05-17T12:01:55.939Z,57,valtteri.tervo@example.com
1990-11-21T01:37:55.292Z,32,ingbert.goldschmidt@example.com
1989-10-05T00:18:35.486Z,33,valdemar.christiansen@example.com
1977-09-19T14:26:13.707Z,45,thor.flatland@example.com
1966-08-01T15:07:50.444Z,56,brielle.bouchard@example.com
1986-04-10T10:05:34.649Z,36,liam.douglas@example.com
1970-07-14T09:13:42.974Z,52,georgia.schmidt@example.com
1968-08-04T14:16:13.985Z,54,michael.kuhn@example.com
1955-08-19T05:49:45.869Z,67,andresa.rezende@example.com
1947-11-11T01:43:44.370Z,75,enrique.day@example.com
1985-08-10T08:51:14.972Z,37,nicoline.mortensen@example.com
1980-11-17T06:46:05.065Z,42,camille.bouchard@example.com
1977-03-02T08:11:45.754Z,45,kendra.holtslag@example.com
1967-04-22T02:09:56.540Z,55,angel.molina@example.com
1961-04-29T02:40:11.064Z,61,scarlett.lowe@example.com
1949-11-06T14:52:38.675Z,73,timm.keil@example.com
1953-09-18T10:17:11.534Z,69,josephine.lopez@example.com
1954-02-26T13:17:36.726Z,68,kristin.coleman@example.com
1971-02-13T17:11:41.998Z,51,beth.green@example.com
1979-10-30T08:36:41.388Z,43,naja.moller@example.com
1979-09-05T06:28:07.150Z,43,luis.soler@example.com
1987-09-18T17:40:11.511Z,35,delphine.young@example.com
1946-05-24T12:08:05.519Z,76,ethan.thomas@example.com
1991-12-22T02:17:53.639Z,31,mareile.stephan@example.com
1944-09-13T10:01:21.347Z,78,mikkel.christiansen@example.com
1961-11-24T15:10:18.906Z,61,scarlett.thompson@example.com
1981-03-25T19:45:04.667Z,41,ambrosio.araujo@example.com
1954-10-18T14:55:22.171Z,68,ivan.king@example.com
1979-06-09T15:36:56.623Z,43,brent.phillips@example.com
1964-12-25T09:52:38.837Z,58,kayla.bishop@example.com
1949-05-06T21:27:18.299Z,73,naomi.thompson@example.com
1973-11-22T02:41:05.863Z,49,kubra.kunter@example.com
1979-12-10T04:20:15.583Z,43,elsa.morin@example.com
1994-02-23T16:12:02.930Z,28,sharen.ekkelboom@example.com
1946-05-18T08:30:03.731Z,76,janske.vanhintum@example.com
1967-10-03T05:46:08.606Z,55,ernest.fournier@example.com
1997-04-02T00:47:24.555Z,25,asta.jorgensen@example.com
1963-11-28T23:18:33.658Z,59,mare.brink@example.com
1987-04-02T17:07:53.736Z,35,roland.boyd@example.com
1950-04-30T19:36:06.468Z,72,celian.sanchez@example.com
1954-12-22T07:02:52.709Z,68,ernest.romero@example.com
1963-08-03T21:56:03.888Z,59,milo.narvestad@example.com
1974-04-14T18:50:52.135Z,48,perry.spencer@example.com
1981-08-06T04:35:05.464Z,41,elsa.wetzel@example.com
1946-05-26T20:36:58.378Z,76,mael.renaud@example.com
1994-01-09T07:02:02.851Z,28,annett.grosch@example.com
1952-06-18T05:11:15.372Z,70,joona.raisanen@example.com
1992-02-17T21:53:23.434Z,30,emil.wainio@example.com
1977-12-31T02:48:36.915Z,45,susie.hopkins@example.com
1954-06-30T18:37:37.044Z,68,luis.roy@example.com
1989-03-04T03:33:23.895Z,33,ceyhan.balci@example.com
1972-02-28T08:49:25.653Z,50,clarissa.daconceicao@example.com
1997-09-17T03:18:32.302Z,25,layla.anderson@example.com
1984-10-09T07:56:56.447Z,38,eckhard.figge@example.com
1963-10-16T01:22:48.756Z,59,rifka.bolding@example.com
1975-04-13T23:49:14.086Z,47,alexandra.cooper@example.com
1964-01-27T04:45:14.144Z,58,andreas.poulsen@example.com
1945-01-10T10:15:27.759Z,77,mina.oyan@example.com
1995-11-06T20:55:07.842Z,27,valdelaine.ferreira@example.com
1970-08-17T21:55:08.410Z,52,georgios.marchand@example.com
1985-10-31T17:51:25.104Z,37,deniz.gunday@example.com
1969-07-09T18:00:21.169Z,53,sm.aalyzdh@example.com
1981-02-01T19:59:48.915Z,41,elias.savela@example.com
1981-01-02T15:15:05.643Z,41,etienne.denys@example.com
