gender,email
male,fatih.cagiran@example.com
male,dhiradj.venhorst@example.com
female,romane.pierre@example.com
female,awyn.khrymy@example.com
male,rasmus.hansen@example.com
male,esat.akar@example.com
female,violet.morrison@example.com
female,esma.sinanoglu@example.com
female,sanni.kyllonen@example.com
male,carter.cote@example.com
male,villads.nielsen@example.com
male,dylan.fortin@example.com
male,benjamin.thompson@example.com
female,nazik.verstraten@example.com
male,yme.vandenmaagdenberg@example.com
female,sandra.gallego@example.com
male,benjamin.bergeron@example.com
female,wiktoria.vollan@example.com
female,rachel.forsund@example.com
male,julian.soler@example.com
female,ines.caballero@example.com
female,ella.saksa@example.com
male,ole.lidal@example.com
male,zachary.kowalski@example.com
male,stanislaw.mohammadi@example.com
male,phillip.castro@example.com
female,freya.jackson@example.com
female,nuran.weterings@example.com
female,ida.soto@example.com
male,emrik.ronne@example.com
female,victoria.bergeron@example.com
female,ricarda.meyer@example.com
male,zacarias.castro@example.com
male,jerry.castro@example.com
female,olivia.seppala@example.com
female,minttu.heikkinen@example.com
female,sofie.petersen@example.com
male,jordan.cooper@example.com
female,miriam.armstrong@example.com
female,andrea.petersen@example.com
female,virginia.silveira@example.com
male,perry.wagner@example.com
female,bernardete.gomes@example.com
female,astrid.christiansen@example.com
male,philippe.wilson@example.com
male,flynn.turner@example.com
male,charles.walker@example.com
male,sigmund.finnerud@example.com
female,agathe.westphal@example.com
female,isabella.zhang@example.com
male,oscar.nielsen@example.com
male,sm.shylyrd@example.com
female,meire.rodrigues@example.com
male,joshua.curtis@example.com
female,henriette.boyer@example.com
male,jerome.bailey@example.com
female,consuelo.gallardo@example.com
female,gloria.morin@example.com
female,hilla.leinonen@example.com
male,rodrigo.gaillard@example.com
female,marie.dietrich@example.com
male,aiden.wang@example.com
male,cooper.robinson@example.com
male,bob.brown@example.com
female,fortunata.pereira@example.com
female,camille.anderson@example.com
female,sandy.brauer@example.com
female,telse.haarmann@example.com
female,marzena.manthey@example.com
female,talisa.sonmez@example.com
male,theo.laurent@example.com
female,lucy.perkins@example.com
male,rafael.flores@example.com
male,egbert.haake@example.com
female,mrym.jaafry@example.com
female,noelia.roman@example.com
male,beau.white@example.com
female,lily.roche@example.com
female,maya.mackay@example.com
male,mahe.schmitt@example.com
female,cirleni.mendes@example.com
female,nicole.lindqvist@example.com
female,sara.moller@example.com
male,javier.pascual@example.com
female,kristin.jensen@example.com
male,victor.kristensen@example.com
male,sesinando.cavalcanti@example.com
male,felipe.castro@example.com
male,ralph.james@example.com
male,volkan.sezek@example.com
female,emily.bjorstad@example.com
female,molly.neal@example.com
female,mariana.renaud@example.com
male,mehmet.agaoglu@example.com
male,benjamin.bates@example.com
female,linnea.kokko@example.com
male,bruce.torres@example.com
male,julius.makela@example.com
female,charlene.alves@example.com
female,sara.luoma@example.com
male,jeppe.devlugt@example.com
male,elmer.tucker@example.com
male,mathis.fonn@example.com
female,sina.pilskog@example.com
male,charly.guerin@example.com
male,toivo.kivela@example.com
male,mhn.qsmy@example.com
male,pierre-andre.philippe@example.com
female,rosario.garcia@example.com
female,maya.michel@example.com
male,aatu.lepisto@example.com
male,niyazi.hess@example.com
male,olivier.linge@example.com
male,vernon.may@example.com
male,ricardo.martin@example.com
female,oya.kuday@example.com
female,phoebe.chen@example.com
female,emma.christiansen@example.com
male,don.wood@example.com
female,leanne.chow@example.com
female,alex.allen@example.com
male,james.park@example.com
male,vitor.silveira@example.com
male,gerardo.nieto@example.com
female,allie.craig@example.com
female,ludmilla.seeliger@example.com
male,ryder.williams@example.com
female,nicoline.pedersen@example.com
male,emre.velioglu@example.com
female,gul.limoncuoglu@example.com
male,matteo.garnier@example.com
male,ahmet.gonultas@example.com
male,walter.cole@example.com
female,ege.ozgorkey@example.com
female,bia.ramos@example.com
female,gloria.germann@example.com
male,berkan.schoonhoven@example.com
female,kelly.murphy@example.com
female,nina.li@example.com
male,jacob.olsen@example.com
female,courtney.barrett@example.com
male,nooa.waisanen@example.com
male,logan.wong@example.com
female,josiane.muller@example.com
male,tom.king@example.com
female,claudine.goncalves@example.com
female,hly.mrdy@example.com
female,fatma.dusenkalkar@example.com
female,alicia.garrett@example.com
male,enzo.garnier@example.com
female,tara.hasse@example.com
male,baris.aclan@example.com
female,mattie.smith@example.com
male,warren.perry@example.com
female,allison.vargas@example.com
female,lauren.sullivan@example.com
female,nalan.aksit@example.com
female,kathrine.antonsen@example.com
male,chad.white@example.com
male,erik.ward@example.com
female,milka.goldbach@example.com
female,harper.belanger@example.com
female,lillie.williams@example.com
male,emil.alexander@example.com
male,karl-hans.diederichs@example.com
female,tonya.freeman@example.com
female,sara.salminen@example.com
female,amanda.payne@example.com
female,soraya.roux@example.com
female,oceane.guillot@example.com
male,carsta.darosa@example.com
female,leonor.gomes@example.com
male,kenan.evliyaoglu@example.com
female,solveig.arendt@example.com
female,laurie.newman@example.com
male,ariel.pinto@example.com
female,megan.hall@example.com
female,mona.bertrand@example.com
male,eemil.ruona@example.com
male,german.mora@example.com
male,jeremy.morris@example.com
male,franjo.reimer@example.com
male,rasmus.larsen@example.com
male,bobby.pierce@example.com
male,adam.christiansen@example.com
male,tommy.vargas@example.com
female,cicera.barbosa@example.com
female,adina.remen@example.com
female,hayley.harris@example.com
female,sryn.nkwnzr@example.com
male,manel.santos@example.com
female,hedwig.matheis@example.com
female,jen.mccoy@example.com
female,sheryl.walters@example.com
female,lillie.brown@example.com
male,sebastian.jensen@example.com
female,nikoline.nyhus@example.com
female,silje.nielsen@example.com
male,umut.tunaboylu@example.com
female,franka.lucas@example.com
male,ridwan.halland@example.com
female,leanne.lo@example.com
female,samantha.baker@example.com
male,xavier.ennis@example.com
female,axelle.gauthier@example.com
male,antoine.lavigne@example.com
male,soham.hart@example.com
female,yara.vanderwalle@example.com
male,raul.jennings@example.com
female,anastacia.silveira@example.com
female,maia.hall@example.com
female,raquel.mora@example.com
male,maurice.ellis@example.com
male,brad.diaz@example.com
male,prs.hmdy@example.com
male,onal.turkyilmaz@example.com
female,lourdes.herrero@example.com
female,belinda.tip@example.com
female,esther.vazquez@example.com
female,ewa.blome@example.com
male,tristan.miller@example.com
male,julian.henry@example.com
female,maria.jackson@example.com
female,julianne.friberg@example.com
female,anne.weaver@example.com
female,zoe.webb@example.com
male,oceano.aragao@example.com
female,anna.soto@example.com
female,deniz.erbulak@example.com
female,florence.gagnon@example.com
female,sofie.andersen@example.com
male,dan.sieber@example.com
female,ln.njty@example.com
female,kim.stephens@example.com
female,belina.rocha@example.com
female,emily.sorensen@example.com
male,guillaume.rodriguez@example.com
female,mlyn.sdr@example.com
male,wyatt.ramirez@example.com
female,hillechiena.borsboom@example.com
female,corinna.garnier@example.com
male,lance.pierce@example.com
male,eeli.mattila@example.com
female,deniz.karaduman@example.com
male,imane.daalmeijer@example.com
female,fanny.guillaume@example.com
female,sara.hautala@example.com
female,debra.burton@example.com
male,arturo.lorenzo@example.com
female,ulku.hakyemez@example.com
male,ege.keseroglu@example.com
male,oliver.leinonen@example.com
male,wyatt.bates@example.com
male,felix.kristensen@example.com
male,andres.suarez@example.com
female,lyn.mhmdkhn@example.com
male,jonathan.notten@example.com
male,asher.robinson@example.com
female,alyssia.lopez@example.com
male,greg.morgan@example.com
male,sturla.slette@example.com
male,victor.barnaby@example.com
male,ralph.chevalier@example.com
female,aynz.sdr@example.com
female,andrea.jorgensen@example.com
female,louise.richards@example.com
male,thibault.simon@example.com
female,hazel.garza@example.com
female,ellen.lambert@example.com
male,denis.langhelle@example.com
female,charlotte.cook@example.com
female,isabella.moller@example.com
female,kate.rodriguez@example.com
female,lara.lopez@example.com
female,andrea.cortes@example.com
female,josefa.bravo@example.com
female,tamar.schillemans@example.com
female,ambre.clement@example.com
female,imogen.roberts@example.com
male,abdulahi.nieuwenhuijs@example.com
male,felix.clark@example.com
female,ava.anderson@example.com
male,th.khwty@example.com
female,grace.montgomery@example.com
male,noah.perrin@example.com
female,elizabeth.turner@example.com
male,mariano.marquez@example.com
female,etiene.pinto@example.com
male,lucas.taylor@example.com
male,dirk.girard@example.com
male,morgan.durand@example.com
male,francisco.schmidt@example.com
male,aquiles.monteiro@example.com
female,julia.morin@example.com
male,adrien.brunet@example.com
female,iselin.bergan@example.com
female,jean.carlson@example.com
female,paula.arias@example.com
female,sofie.nielsen@example.com
female,mari.storheim@example.com
male,louis.perkins@example.com
female,emily.patel@example.com
female,buse.abanuz@example.com
male,xavier.martin@example.com
male,julian.fernandez@example.com
female,margie.flores@example.com
male,bertram.olsen@example.com
male,claude.dixon@example.com
female,jessica.opgard@example.com
male,isaiah.kelley@example.com
male,janardo.dacunha@example.com
female,iiris.laitinen@example.com
female,hilda.araujo@example.com
male,onal.ozansoy@example.com
female,sandra.serrano@example.com
male,luciano.kempf@example.com
female,linda.wilson@example.com
female,adryn.sdr@example.com
female,naciye.trommelen@example.com
female,joanne.morris@example.com
male,mhn.kmyrn@example.com
male,nikolaj.petersen@example.com
female,jasmine.taylor@example.com
female,isla.morris@example.com
male,mny.rdyyn@example.com
female,heather.gomez@example.com
male,jessie.james@example.com
female,stella.turner@example.com
male,aalyrd.ysmy@example.com
female,alisa.jokela@example.com
male,lucas.byrd@example.com
female,asta.olsen@example.com
female,freja.presthus@example.com
female,tammy.hicks@example.com
male,milan.bacher@example.com
male,luukas.kyllonen@example.com
female,naja.jensen@example.com
male,sedat.hendricks@example.com
female,monica.leon@example.com
female,thn.hmdy@example.com
female,zoica.silveira@example.com
male,lewis.lambert@example.com
female,leanne.ennis@example.com
male,tyler.watkins@example.com
male,bradley.davidson@example.com
male,ethan.pelletier@example.com
female,molly.martin@example.com
male,esat.turkyilmaz@example.com
female,manon.mathieu@example.com
male,charlie.ressem@example.com
male,eliott.legrand@example.com
female,ulku.ozbey@example.com
male,armyn.jaafry@example.com
female,annie.silva@example.com
female,andrea.hegg@example.com
male,jacob.sirko@example.com
male,elliot.brown@example.com
male,eivind.rongved@example.com
female,victoria.nielsen@example.com
male,louis.king@example.com
male,aabs.aalyzdh@example.com
female,fadime.kiel@example.com
male,ritthy.alvarez@example.com
male,gordon.webb@example.com
female,jenny.wood@example.com
male,mhdy.jaafry@example.com
male,brett.holmes@example.com
female,ftmh.glshn@example.com
female,muna.netland@example.com
female,eleanor.jimenez@example.com
male,alfredo.shelton@example.com
female,anina.robert@example.com
female,delia.dias@example.com
female,estelle.deschamps@example.com
female,maddison.howell@example.com
male,darrell.bates@example.com
female,amber.nelson@example.com
male,jim.fields@example.com
male,rasmus.takala@example.com
male,ahmed.sjovold@example.com
female,jo.marshall@example.com
male,konsta.heino@example.com
female,coline.martinez@example.com
male,hugo.hernandez@example.com
male,ahmad.berger@example.com
female,filippa.kristensen@example.com
female,francisca.dacunha@example.com
female,adriana.carrasco@example.com
female,ilona.saari@example.com
male,sebastian.daniels@example.com
female,deniz.ozdenak@example.com
female,ella.ford@example.com
male,andrew.roussel@example.com
female,florence.fortin@example.com
female,angeles.leon@example.com
male,dwayne.mckinney@example.com
male,toby.zhang@example.com
male,seleso.jesus@example.com
male,mads.olsen@example.com
female,brn.khwty@example.com
male,thibaut.lopez@example.com
male,bruno.lefevre@example.com
male,chad.hall@example.com
female,iina.salonen@example.com
female,gerlind.lindemann@example.com
male,khwrwsh.slry@example.com
female,nznyn.hsyny@example.com
female,nicete.rodrigues@example.com
female,thais.nicolas@example.com
female,aubrey.harcourt@example.com
female,fanny.martin@example.com
male,carter.jean-baptiste@example.com
male,tracy.barnes@example.com
female,zaza.vriends@example.com
female,ozsu.durmaz@example.com
female,megan.howard@example.com
male,karl.morales@example.com
female,anabela.renaud@example.com
female,ronja.elo@example.com
male,hans-detlef.moser@example.com
male,melvin.king@example.com
male,yves.robert@example.com
female,judy.montgomery@example.com
male,terrence.walters@example.com
female,leslie.cox@example.com
male,logan.thomas@example.com
female,camille.nicolas@example.com
male,pierre.brunet@example.com
male,emil.koskinen@example.com
female,deniz.eronat@example.com
male,ezra.king@example.com
female,rudinele.darosa@example.com
female,romaisae.vandenadel@example.com
male,jayden.ambrose@example.com
male,philip.morgan@example.com
female,addison.french@example.com
male,valtteri.tervo@example.com
male,ingbert.goldschmidt@example.com
male,valdemar.christiansen@example.com
male,thor.flatland@example.com
female,brielle.bouchard@example.com
male,liam.douglas@example.com
female,georgia.schmidt@example.com
male,michael.kuhn@example.com
female,andresa.rezende@example.com
male,enrique.day@example.com
female,nicoline.mortensen@example.com
female,camille.bouchard@example.com
female,kendra.holtslag@example.com
male,angel.molina@example.com
female,scarlett.lowe@example.com
male,timm.keil@example.com
female,josephine.lopez@example.com
female,kristin.coleman@example.com
female,beth.green@example.com
female,naja.moller@example.com
male,luis.soler@example.com
female,delphine.young@example.com
male,ethan.thomas@example.com
female,mareile.stephan@example.com
male,mikkel.christiansen@example.com
female,scarlett.thompson@example.com
male,ambrosio.araujo@example.com
male,ivan.king@example.com
male,brent.phillips@example.com
female,kayla.bishop@example.com
female,naomi.thompson@example.com
female,kubra.kunter@example.com
female,elsa.morin@example.com
female,sharen.ekkelboom@example.com
female,janske.vanhintum@example.com
male,ernest.fournier@example.com
female,asta.jorgensen@example.com
female,mare.brink@example.com
male,roland.boyd@example.com
male,celian.sanchez@example.com
male,ernest.romero@example.com
male,milo.narvestad@example.com
male,perry.spencer@example.com
female,elsa.wetzel@example.com
male,mael.renaud@example.com
female,annett.grosch@example.com
male,joona.raisanen@example.com
male,emil.wainio@example.com
female,susie.hopkins@example.com
male,luis.roy@example.com
female,ceyhan.balci@example.com
female,clarissa.daconceicao@example.com
female,layla.anderson@example.com
male,eckhard.figge@example.com
female,rifka.bolding@example.com
female,alexandra.cooper@example.com
male,andreas.poulsen@example.com
female,mina.oyan@example.com
female,valdelaine.ferreira@example.com
male,georgios.marchand@example.com
male,deniz.gunday@example.com
male,sm.aalyzdh@example.com
male,elias.savela@example.com
male,etienne.denys@example.com
