id_type,value,email
,,fatih.cagiran@example.com
BSN,83482416,dhiradj.venhorst@example.com
INSEE,2NNaN56496891 30,romane.pierre@example.com
,,awyn.khrymy@example.com
CPR,091278-1004,rasmus.hansen@example.com
,,esat.akar@example.com
TFN,754353100,violet.morrison@example.com
,,esma.sinanoglu@example.com
HETU,NaNNA606undefined,sanni.kyllonen@example.com
,,carter.cote@example.com
CPR,271254-5228,villads.nielsen@example.com
,,dylan.fortin@example.com
NINO,LE 99 54 86 L,benjamin.thompson@example.com
BSN,84926177,nazik.verstraten@example.com
BSN,22230493,yme.vandenmaagdenberg@example.com
DNI,30327356-I,sandra.gallego@example.com
,,benjamin.bergeron@example.com
FN,01119126424,wiktoria.vollan@example.com
FN,18117740087,rachel.forsund@example.com
DNI,80303475-T,julian.soler@example.com
DNI,52968072-U,ines.caballero@example.com
HETU,NaNNA536undefined,ella.saksa@example.com
FN,31126722799,ole.lidal@example.com
,,zachary.kowalski@example.com
FN,10098732395,stanislaw.mohammadi@example.com
TFN,026531491,phillip.castro@example.com
,,freya.jackson@example.com
BSN,52854815,nuran.weterings@example.com
TFN,457725172,ida.soto@example.com
FN,19046119943,emrik.ronne@example.com
,,victoria.bergeron@example.com
,,ricarda.meyer@example.com
,,zacarias.castro@example.com
SSN,028-06-9947,jerry.castro@example.com
HETU,NaNNA810undefined,olivia.seppala@example.com
HETU,NaNNA056undefined,minttu.heikkinen@example.com
CPR,220280-1208,sofie.petersen@example.com
,,jordan.cooper@example.com
SSN,525-22-8932,miriam.armstrong@example.com
CPR,190756-9089,andrea.petersen@example.com
,,virginia.silveira@example.com
SSN,187-67-8992,perry.wagner@example.com
,,bernardete.gomes@example.com
CPR,250996-9243,astrid.christiansen@example.com
,,philippe.wilson@example.com
,,flynn.turner@example.com
NINO,XX 18 83 28 P,charles.walker@example.com
FN,01105208932,sigmund.finnerud@example.com
,,agathe.westphal@example.com
,,isabella.zhang@example.com
CPR,120174-0804,oscar.nielsen@example.com
,,sm.shylyrd@example.com
,,meire.rodrigues@example.com
SSN,589-11-8954,joshua.curtis@example.com
AVS,756.2960.3619.16,henriette.boyer@example.com
SSN,781-81-8325,jerome.bailey@example.com
DNI,35518333-S,consuelo.gallardo@example.com
AVS,756.4894.9609.14,gloria.morin@example.com
HETU,NaNNA008undefined,hilla.leinonen@example.com
AVS,756.9796.8187.66,rodrigo.gaillard@example.com
,,marie.dietrich@example.com
,,aiden.wang@example.com
,,cooper.robinson@example.com
SSN,168-30-7734,bob.brown@example.com
,,fortunata.pereira@example.com
,,camille.anderson@example.com
,,sandy.brauer@example.com
,,telse.haarmann@example.com
,,marzena.manthey@example.com
BSN,18554213,talisa.sonmez@example.com
INSEE,1NNaN22377872 21,theo.laurent@example.com
NINO,JE 92 06 95 E,lucy.perkins@example.com
TFN,910041024,rafael.flores@example.com
,,egbert.haake@example.com
,,mrym.jaafry@example.com
DNI,00553622-K,noelia.roman@example.com
,,beau.white@example.com
INSEE,2NNaN32678609 01,lily.roche@example.com
,,maya.mackay@example.com
INSEE,1NNaN50579374 71,mahe.schmitt@example.com
,,cirleni.mendes@example.com
FN,07046437467,nicole.lindqvist@example.com
CPR,260283-8347,sara.moller@example.com
DNI,58408074-O,javier.pascual@example.com
PPS,2490417T,kristin.jensen@example.com
CPR,260251-4280,victor.kristensen@example.com
,,sesinando.cavalcanti@example.com
DNI,15133026-T,felipe.castro@example.com
TFN,107498351,ralph.james@example.com
,,volkan.sezek@example.com
FN,28089819603,emily.bjorstad@example.com
NINO,ZG 20 72 75 A,molly.neal@example.com
AVS,756.7303.9972.84,mariana.renaud@example.com
,,mehmet.agaoglu@example.com
PPS,3125435T,benjamin.bates@example.com
HETU,NaNNA570undefined,linnea.kokko@example.com
SSN,491-52-6530,bruce.torres@example.com
HETU,NaNNA021undefined,julius.makela@example.com
,,charlene.alves@example.com
HETU,NaNNA456undefined,sara.luoma@example.com
BSN,07528933,jeppe.devlugt@example.com
TFN,773399034,elmer.tucker@example.com
FN,06065843747,mathis.fonn@example.com
FN,20058737616,sina.pilskog@example.com
INSEE,1NNaN21591375 63,charly.guerin@example.com
HETU,NaNNA593undefined,toivo.kivela@example.com
,,mhn.qsmy@example.com
AVS,756.7207.3002.24,pierre-andre.philippe@example.com
DNI,25053883-L,rosario.garcia@example.com
INSEE,2NNaN37539850 95,maya.michel@example.com
HETU,NaNNA065undefined,aatu.lepisto@example.com
BSN,40679916,niyazi.hess@example.com
FN,03075520351,olivier.linge@example.com
NINO,RT 75 54 60 U,vernon.may@example.com
DNI,61672413-N,ricardo.martin@example.com
,,oya.kuday@example.com
,,phoebe.chen@example.com
CPR,050987-0126,emma.christiansen@example.com
NINO,WM 97 78 87 Q,don.wood@example.com
,,leanne.chow@example.com
NINO,OZ 66 76 44 H,alex.allen@example.com
,,james.park@example.com
,,vitor.silveira@example.com
DNI,12862517-F,gerardo.nieto@example.com
PPS,4031059T,allie.craig@example.com
,,ludmilla.seeliger@example.com
,,ryder.williams@example.com
CPR,210863-1422,nicoline.pedersen@example.com
,,emre.velioglu@example.com
,,gul.limoncuoglu@example.com
AVS,756.5077.1513.91,matteo.garnier@example.com
,,ahmet.gonultas@example.com
TFN,069236505,walter.cole@example.com
,,ege.ozgorkey@example.com
,,bia.ramos@example.com
,,gloria.germann@example.com
BSN,48641461,berkan.schoonhoven@example.com
PPS,9508048T,kelly.murphy@example.com
,,nina.li@example.com
CPR,131096-2558,jacob.olsen@example.com
TFN,367576493,courtney.barrett@example.com
HETU,NaNNA861undefined,nooa.waisanen@example.com
,,logan.wong@example.com
AVS,756.3622.7680.57,josiane.muller@example.com
NINO,KK 94 84 14 K,tom.king@example.com
,,claudine.goncalves@example.com
,,hly.mrdy@example.com
,,fatma.dusenkalkar@example.com
TFN,276162301,alicia.garrett@example.com
INSEE,1NNaN78085104 07,enzo.garnier@example.com
,,tara.hasse@example.com
,,baris.aclan@example.com
TFN,453093125,mattie.smith@example.com
NINO,YX 84 20 09 S,warren.perry@example.com
TFN,438608540,allison.vargas@example.com
PPS,5475279T,lauren.sullivan@example.com
,,nalan.aksit@example.com
FN,24025411273,kathrine.antonsen@example.com
TFN,447215527,chad.white@example.com
NINO,EJ 32 98 37 F,erik.ward@example.com
,,milka.goldbach@example.com
,,harper.belanger@example.com
TFN,964962784,lillie.williams@example.com
,,emil.alexander@example.com
,,karl-hans.diederichs@example.com
SSN,212-75-6900,tonya.freeman@example.com
HETU,NaNNA792undefined,sara.salminen@example.com
SSN,782-06-4617,amanda.payne@example.com
AVS,756.6657.6878.36,soraya.roux@example.com
INSEE,2NNaN48360326 42,oceane.guillot@example.com
,,carsta.darosa@example.com
,,leonor.gomes@example.com
,,kenan.evliyaoglu@example.com
,,solveig.arendt@example.com
TFN,275609392,laurie.newman@example.com
,,ariel.pinto@example.com
SSN,097-16-6057,megan.hall@example.com
AVS,756.0805.4034.97,mona.bertrand@example.com
HETU,NaNNA321undefined,eemil.ruona@example.com
DNI,03019932-X,german.mora@example.com
SSN,089-79-5085,jeremy.morris@example.com
,,franjo.reimer@example.com
CPR,261296-3518,rasmus.larsen@example.com
TFN,465349080,bobby.pierce@example.com
CPR,280944-2959,adam.christiansen@example.com
NINO,KT 49 43 67 S,tommy.vargas@example.com
,,cicera.barbosa@example.com
FN,19069230612,adina.remen@example.com
,,hayley.harris@example.com
,,sryn.nkwnzr@example.com
,,manel.santos@example.com
,,hedwig.matheis@example.com
PPS,2782138T,jen.mccoy@example.com
NINO,RN 14 85 10 H,sheryl.walters@example.com
SSN,055-58-3456,lillie.brown@example.com
CPR,250862-4613,sebastian.jensen@example.com
FN,06108707427,nikoline.nyhus@example.com
CPR,020764-7499,silje.nielsen@example.com
,,umut.tunaboylu@example.com
,,franka.lucas@example.com
FN,30049724787,ridwan.halland@example.com
,,leanne.lo@example.com
PPS,5054080T,samantha.baker@example.com
,,xavier.ennis@example.com
INSEE,2NNaN96587311 65,axelle.gauthier@example.com
,,antoine.lavigne@example.com
TFN,064027624,soham.hart@example.com
BSN,55591911,yara.vanderwalle@example.com
TFN,718224689,raul.jennings@example.com
,,anastacia.silveira@example.com
,,maia.hall@example.com
DNI,86869463-C,raquel.mora@example.com
TFN,723090240,maurice.ellis@example.com
NINO,PP 28 55 45 V,brad.diaz@example.com
,,prs.hmdy@example.com
,,onal.turkyilmaz@example.com
DNI,99403739-T,lourdes.herrero@example.com
BSN,12103482,belinda.tip@example.com
DNI,87921859-D,esther.vazquez@example.com
,,ewa.blome@example.com
,,tristan.miller@example.com
NINO,TM 68 29 42 V,julian.henry@example.com
,,maria.jackson@example.com
FN,22066026845,julianne.friberg@example.com
TFN,856250373,anne.weaver@example.com
TFN,562985085,zoe.webb@example.com
,,oceano.aragao@example.com
DNI,92174515-E,anna.soto@example.com
,,deniz.erbulak@example.com
,,florence.gagnon@example.com
CPR,111251-0217,sofie.andersen@example.com
,,dan.sieber@example.com
,,ln.njty@example.com
TFN,775206697,kim.stephens@example.com
,,belina.rocha@example.com
CPR,210461-9116,emily.sorensen@example.com
INSEE,1NNaN19616565 02,guillaume.rodriguez@example.com
,,mlyn.sdr@example.com
TFN,138614428,wyatt.ramirez@example.com
BSN,47021056,hillechiena.borsboom@example.com
AVS,756.7978.5230.19,corinna.garnier@example.com
NINO,TZ 72 07 80 A,lance.pierce@example.com
HETU,NaNNA641undefined,eeli.mattila@example.com
,,deniz.karaduman@example.com
BSN,66881604,imane.daalmeijer@example.com
INSEE,2NNaN72250662 63,fanny.guillaume@example.com
HETU,NaNNA962undefined,sara.hautala@example.com
PPS,9691015T,debra.burton@example.com
DNI,31674209-B,arturo.lorenzo@example.com
,,ulku.hakyemez@example.com
,,ege.keseroglu@example.com
HETU,NaNNA189undefined,oliver.leinonen@example.com
SSN,547-98-8387,wyatt.bates@example.com
CPR,271089-7494,felix.kristensen@example.com
DNI,43467565-M,andres.suarez@example.com
,,lyn.mhmdkhn@example.com
BSN,34309810,jonathan.notten@example.com
,,asher.robinson@example.com
INSEE,2NNaN55758813 82,alyssia.lopez@example.com
SSN,395-02-0909,greg.morgan@example.com
FN,11059016948,sturla.slette@example.com
,,victor.barnaby@example.com
AVS,756.8605.0534.09,ralph.chevalier@example.com
,,aynz.sdr@example.com
CPR,170451-4555,andrea.jorgensen@example.com
PPS,2518970T,louise.richards@example.com
INSEE,1NNaN81381475 45,thibault.simon@example.com
SSN,122-46-6683,hazel.garza@example.com
NINO,MM 08 38 73 A,ellen.lambert@example.com
FN,05087516174,denis.langhelle@example.com
NINO,CR 34 94 43 N,charlotte.cook@example.com
CPR,150189-1666,isabella.moller@example.com
NINO,AL 23 87 93 T,kate.rodriguez@example.com
AVS,756.9692.0271.35,lara.lopez@example.com
DNI,69238057-E,andrea.cortes@example.com
DNI,12956200-J,josefa.bravo@example.com
BSN,61069330,tamar.schillemans@example.com
INSEE,2NNaN69688982 03,ambre.clement@example.com
,,imogen.roberts@example.com
BSN,22071581,abdulahi.nieuwenhuijs@example.com
,,felix.clark@example.com
,,ava.anderson@example.com
,,th.khwty@example.com
NINO,GY 65 18 42 Z,grace.montgomery@example.com
INSEE,1NNaN24266504 97,noah.perrin@example.com
,,elizabeth.turner@example.com
DNI,35247068-B,mariano.marquez@example.com
,,etiene.pinto@example.com
,,lucas.taylor@example.com
AVS,756.5254.9663.60,dirk.girard@example.com
INSEE,1NNaN25200013 27,morgan.durand@example.com
NINO,CA 51 27 71 D,francisco.schmidt@example.com
,,aquiles.monteiro@example.com
,,julia.morin@example.com
INSEE,1NNaN44025137 10,adrien.brunet@example.com
FN,13055316451,iselin.bergan@example.com
TFN,121651219,jean.carlson@example.com
DNI,03573076-J,paula.arias@example.com
CPR,230575-0348,sofie.nielsen@example.com
FN,18129539603,mari.storheim@example.com
PPS,2936380T,louis.perkins@example.com
,,emily.patel@example.com
,,buse.abanuz@example.com
,,xavier.martin@example.com
SSN,599-74-5329,julian.fernandez@example.com
SSN,436-67-4120,margie.flores@example.com
CPR,270294-1022,bertram.olsen@example.com
NINO,MT 28 15 47 W,claude.dixon@example.com
FN,12108715675,jessica.opgard@example.com
PPS,2548462T,isaiah.kelley@example.com
,,janardo.dacunha@example.com
HETU,NaNNA958undefined,iiris.laitinen@example.com
,,hilda.araujo@example.com
,,onal.ozansoy@example.com
DNI,57611279-V,sandra.serrano@example.com
,,luciano.kempf@example.com
NINO,HY 07 44 49 F,linda.wilson@example.com
,,adryn.sdr@example.com
BSN,70757304,naciye.trommelen@example.com
SSN,009-72-9535,joanne.morris@example.com
,,mhn.kmyrn@example.com
CPR,200379-2822,nikolaj.petersen@example.com
,,jasmine.taylor@example.com
,,isla.morris@example.com
,,mny.rdyyn@example.com
NINO,HT 02 19 20 D,heather.gomez@example.com
PPS,5951402T,jessie.james@example.com
,,stella.turner@example.com
,,aalyrd.ysmy@example.com
HETU,NaNNA052undefined,alisa.jokela@example.com
PPS,1154742T,lucas.byrd@example.com
CPR,040944-9355,asta.olsen@example.com
FN,01079238097,freja.presthus@example.com
PPS,7588957T,tammy.hicks@example.com
,,milan.bacher@example.com
HETU,NaNNA987undefined,luukas.kyllonen@example.com
CPR,190154-7970,naja.jensen@example.com
,,sedat.hendricks@example.com
DNI,28250800-U,monica.leon@example.com
,,thn.hmdy@example.com
,,zoica.silveira@example.com
SSN,247-43-3917,lewis.lambert@example.com
,,leanne.ennis@example.com
PPS,3429368T,tyler.watkins@example.com
SSN,228-89-1638,bradley.davidson@example.com
,,ethan.pelletier@example.com
,,molly.martin@example.com
,,esat.turkyilmaz@example.com
INSEE,2NNaN45966590 14,manon.mathieu@example.com
FN,20039747384,charlie.ressem@example.com
INSEE,1NNaN24996577 76,eliott.legrand@example.com
,,ulku.ozbey@example.com
,,armyn.jaafry@example.com
SSN,030-37-4966,annie.silva@example.com
FN,17056334602,andrea.hegg@example.com
,,jacob.sirko@example.com
PPS,9774354T,elliot.brown@example.com
FN,21048231729,eivind.rongved@example.com
CPR,200390-5614,victoria.nielsen@example.com
,,louis.king@example.com
,,aabs.aalyzdh@example.com
,,fadime.kiel@example.com
SSN,078-81-6782,ritthy.alvarez@example.com
TFN,375645861,gordon.webb@example.com
NINO,HR 76 26 80 V,jenny.wood@example.com
,,mhdy.jaafry@example.com
NINO,ZX 53 70 60 O,brett.holmes@example.com
,,ftmh.glshn@example.com
FN,14035415476,muna.netland@example.com
SSN,280-73-4196,eleanor.jimenez@example.com
SSN,227-33-1011,alfredo.shelton@example.com
AVS,756.6941.4647.53,anina.robert@example.com
,,delia.dias@example.com
INSEE,2NNaN77275401 51,estelle.deschamps@example.com
NINO,YK 82 66 44 J,maddison.howell@example.com
NINO,NR 57 39 13 T,darrell.bates@example.com
SSN,144-88-7490,amber.nelson@example.com
SSN,261-43-0971,jim.fields@example.com
HETU,NaNNA413undefined,rasmus.takala@example.com
FN,22127603794,ahmed.sjovold@example.com
TFN,378176544,jo.marshall@example.com
HETU,NaNNA019undefined,konsta.heino@example.com
INSEE,2NNaN86895519 75,coline.martinez@example.com
DNI,32123682-L,hugo.hernandez@example.com
AVS,756.4224.7491.31,ahmad.berger@example.com
CPR,131065-1405,filippa.kristensen@example.com
,,francisca.dacunha@example.com
DNI,84681946-D,adriana.carrasco@example.com
HETU,NaNNA922undefined,ilona.saari@example.com
NINO,OS 08 37 62 Z,sebastian.daniels@example.com
,,deniz.ozdenak@example.com
TFN,489605396,ella.ford@example.com
AVS,756.8754.6670.49,andrew.roussel@example.com
,,florence.fortin@example.com
DNI,26687564-H,angeles.leon@example.com
PPS,7602813T,dwayne.mckinney@example.com
,,toby.zhang@example.com
,,seleso.jesus@example.com
CPR,220559-0275,mads.olsen@example.com
,,brn.khwty@example.com
INSEE,1NNaN97291037 40,thibaut.lopez@example.com
AVS,756.4532.8007.24,bruno.lefevre@example.com
PPS,8777487T,chad.hall@example.com
HETU,NaNNA784undefined,iina.salonen@example.com
,,gerlind.lindemann@example.com
,,khwrwsh.slry@example.com
,,nznyn.hsyny@example.com
,,nicete.rodrigues@example.com
INSEE,2NNaN79852875 10,thais.nicolas@example.com
,,aubrey.harcourt@example.com
INSEE,2NNaN01850521 47,fanny.martin@example.com
,,carter.jean-baptiste@example.com
TFN,066158763,tracy.barnes@example.com
BSN,56762977,zaza.vriends@example.com
,,ozsu.durmaz@example.com
SSN,161-55-4930,megan.howard@example.com
TFN,291289171,karl.morales@example.com
AVS,756.7052.1352.50,anabela.renaud@example.com
HETU,NaNNA906undefined,ronja.elo@example.com
,,hans-detlef.moser@example.com
SSN,476-10-9703,melvin.king@example.com
AVS,756.2001.2360.13,yves.robert@example.com
SSN,055-26-9869,judy.montgomery@example.com
TFN,193045864,terrence.walters@example.com
TFN,531605758,leslie.cox@example.com
NINO,RS 31 65 32 I,logan.thomas@example.com
AVS,756.7397.4488.05,camille.nicolas@example.com
INSEE,1NNaN58240105 66,pierre.brunet@example.com
HETU,NaNNA197undefined,emil.koskinen@example.com
,,deniz.eronat@example.com
,,ezra.king@example.com
,,rudinele.darosa@example.com
BSN,85794592,romaisae.vandenadel@example.com
,,jayden.ambrose@example.com
NINO,CB 32 48 33 Q,philip.morgan@example.com
,,addison.french@example.com
HETU,NaNNA993undefined,valtteri.tervo@example.com
,,ingbert.goldschmidt@example.com
CPR,051089-2919,valdemar.christiansen@example.com
FN,19097737528,thor.flatland@example.com
,,brielle.bouchard@example.com
PPS,8190549T,liam.douglas@example.com
TFN,202334647,georgia.schmidt@example.com
TFN,473953262,michael.kuhn@example.com
,,andresa.rezende@example.com
PPS,5613618T,enrique.day@example.com
CPR,100885-9348,nicoline.mortensen@example.com
,,camille.bouchard@example.com
BSN,76700213,kendra.holtslag@example.com
DNI,92299151-A,angel.molina@example.com
PPS,1473726T,scarlett.lowe@example.com
,,timm.keil@example.com
AVS,756.1683.2176.00,josephine.lopez@example.com
SSN,796-43-7390,kristin.coleman@example.com
TFN,788317291,beth.green@example.com
CPR,301079-0420,naja.moller@example.com
DNI,18007867-G,luis.soler@example.com
,,delphine.young@example.com
,,ethan.thomas@example.com
,,mareile.stephan@example.com
CPR,130944-8364,mikkel.christiansen@example.com
,,scarlett.thompson@example.com
,,ambrosio.araujo@example.com
TFN,285140838,ivan.king@example.com
TFN,424526915,brent.phillips@example.com
PPS,5250232T,kayla.bishop@example.com
,,naomi.thompson@example.com
,,kubra.kunter@example.com
AVS,756.2986.2297.58,elsa.morin@example.com
BSN,35092658,sharen.ekkelboom@example.com
BSN,26107676,janske.vanhintum@example.com
AVS,756.6220.9425.66,ernest.fournier@example.com
CPR,020497-6024,asta.jorgensen@example.com
BSN,54240868,mare.brink@example.com
PPS,1676148T,roland.boyd@example.com
INSEE,1NNaN66311079 24,celian.sanchez@example.com
SSN,369-29-0055,ernest.romero@example.com
FN,03086329599,milo.narvestad@example.com
TFN,246639249,perry.spencer@example.com
,,elsa.wetzel@example.com
INSEE,1NNaN72972053 46,mael.renaud@example.com
,,annett.grosch@example.com
HETU,NaNNA405undefined,joona.raisanen@example.com
HETU,NaNNA951undefined,emil.wainio@example.com
PPS,8617457T,susie.hopkins@example.com
INSEE,1NNaN72132622 33,luis.roy@example.com
,,ceyhan.balci@example.com
,,clarissa.daconceicao@example.com
,,layla.anderson@example.com
,,eckhard.figge@example.com
BSN,16242222,rifka.bolding@example.com
,,alexandra.cooper@example.com
CPR,270164-4440,andreas.poulsen@example.com
FN,10014518237,mina.oyan@example.com
,,valdelaine.ferreira@example.com
AVS,756.3861.6294.55,georgios.marchand@example.com
,,deniz.gunday@example.com
,,sm.aalyzdh@example.com
HETU,NaNNA729undefined,elias.savela@example.com
,,etienne.denys@example.com
