nat,email
TR,fatih.cagiran@example.com
NL,dhiradj.venhorst@example.com
FR,romane.pierre@example.com
IR,awyn.khrymy@example.com
DK,rasmus.hansen@example.com
TR,esat.akar@example.com
AU,violet.morrison@example.com
TR,esma.sinanoglu@example.com
FI,sanni.kyllonen@example.com
CA,carter.cote@example.com
DK,villads.nielsen@example.com
CA,dylan.fortin@example.com
GB,benjamin.thompson@example.com
NL,nazik.verstraten@example.com
NL,yme.vandenmaagdenberg@example.com
ES,sandra.gallego@example.com
CA,benjamin.bergeron@example.com
NO,wiktoria.vollan@example.com
NO,rachel.forsund@example.com
ES,julian.soler@example.com
ES,ines.caballero@example.com
FI,ella.saksa@example.com
NO,ole.lidal@example.com
CA,zachary.kowalski@example.com
NO,stanislaw.mohammadi@example.com
AU,phillip.castro@example.com
NZ,freya.jackson@example.com
NL,nuran.weterings@example.com
AU,ida.soto@example.com
NO,emrik.ronne@example.com
CA,victoria.bergeron@example.com
DE,ricarda.meyer@example.com
BR,zacarias.castro@example.com
US,jerry.castro@example.com
FI,olivia.seppala@example.com
FI,minttu.heikkinen@example.com
DK,sofie.petersen@example.com
NZ,jordan.cooper@example.com
US,miriam.armstrong@example.com
DK,andrea.petersen@example.com
BR,virginia.silveira@example.com
US,perry.wagner@example.com
BR,bernardete.gomes@example.com
DK,astrid.christiansen@example.com
CA,philippe.wilson@example.com
NZ,flynn.turner@example.com
GB,charles.walker@example.com
NO,sigmund.finnerud@example.com
DE,agathe.westphal@example.com
NZ,isabella.zhang@example.com
DK,oscar.nielsen@example.com
IR,sm.shylyrd@example.com
BR,meire.rodrigues@example.com
US,joshua.curtis@example.com
CH,henriette.boyer@example.com
US,jerome.bailey@example.com
ES,consuelo.gallardo@example.com
CH,gloria.morin@example.com
FI,hilla.leinonen@example.com
CH,rodrigo.gaillard@example.com
DE,marie.dietrich@example.com
NZ,aiden.wang@example.com
NZ,cooper.robinson@example.com
US,bob.brown@example.com
BR,fortunata.pereira@example.com
CA,camille.anderson@example.com
DE,sandy.brauer@example.com
DE,telse.haarmann@example.com
DE,marzena.manthey@example.com
NL,talisa.sonmez@example.com
FR,theo.laurent@example.com
GB,lucy.perkins@example.com
AU,rafael.flores@example.com
DE,egbert.haake@example.com
IR,mrym.jaafry@example.com
ES,noelia.roman@example.com
NZ,beau.white@example.com
FR,lily.roche@example.com
CA,maya.mackay@example.com
FR,mahe.schmitt@example.com
BR,cirleni.mendes@example.com
NO,nicole.lindqvist@example.com
DK,sara.moller@example.com
ES,javier.pascual@example.com
IE,kristin.jensen@example.com
DK,victor.kristensen@example.com
BR,sesinando.cavalcanti@example.com
ES,felipe.castro@example.com
AU,ralph.james@example.com
TR,volkan.sezek@example.com
NO,emily.bjorstad@example.com
GB,molly.neal@example.com
CH,mariana.renaud@example.com
TR,mehmet.agaoglu@example.com
IE,benjamin.bates@example.com
FI,linnea.kokko@example.com
US,bruce.torres@example.com
FI,julius.makela@example.com
BR,charlene.alves@example.com
FI,sara.luoma@example.com
NL,jeppe.devlugt@example.com
AU,elmer.tucker@example.com
NO,mathis.fonn@example.com
NO,sina.pilskog@example.com
FR,charly.guerin@example.com
FI,toivo.kivela@example.com
IR,mhn.qsmy@example.com
CH,pierre-andre.philippe@example.com
ES,rosario.garcia@example.com
FR,maya.michel@example.com
FI,aatu.lepisto@example.com
NL,niyazi.hess@example.com
NO,olivier.linge@example.com
GB,vernon.may@example.com
ES,ricardo.martin@example.com
TR,oya.kuday@example.com
NZ,phoebe.chen@example.com
DK,emma.christiansen@example.com
GB,don.wood@example.com
CA,leanne.chow@example.com
GB,alex.allen@example.com
CA,james.park@example.com
BR,vitor.silveira@example.com
ES,gerardo.nieto@example.com
IE,allie.craig@example.com
DE,ludmilla.seeliger@example.com
CA,ryder.williams@example.com
DK,nicoline.pedersen@example.com
TR,emre.velioglu@example.com
TR,gul.limoncuoglu@example.com
CH,matteo.garnier@example.com
TR,ahmet.gonultas@example.com
AU,walter.cole@example.com
TR,ege.ozgorkey@example.com
BR,bia.ramos@example.com
DE,gloria.germann@example.com
NL,berkan.schoonhoven@example.com
IE,kelly.murphy@example.com
NZ,nina.li@example.com
DK,jacob.olsen@example.com
AU,courtney.barrett@example.com
FI,nooa.waisanen@example.com
CA,logan.wong@example.com
CH,josiane.muller@example.com
GB,tom.king@example.com
BR,claudine.goncalves@example.com
IR,hly.mrdy@example.com
TR,fatma.dusenkalkar@example.com
AU,alicia.garrett@example.com
FR,enzo.garnier@example.com
DE,tara.hasse@example.com
TR,baris.aclan@example.com
AU,mattie.smith@example.com
GB,warren.perry@example.com
AU,allison.vargas@example.com
IE,lauren.sullivan@example.com
TR,nalan.aksit@example.com
NO,kathrine.antonsen@example.com
AU,chad.white@example.com
GB,erik.ward@example.com
DE,milka.goldbach@example.com
CA,harper.belanger@example.com
AU,lillie.williams@example.com
DE,emil.alexander@example.com
DE,karl-hans.diederichs@example.com
US,tonya.freeman@example.com
FI,sara.salminen@example.com
US,amanda.payne@example.com
CH,soraya.roux@example.com
FR,oceane.guillot@example.com
BR,carsta.darosa@example.com
BR,leonor.gomes@example.com
TR,kenan.evliyaoglu@example.com
DE,solveig.arendt@example.com
AU,laurie.newman@example.com
BR,ariel.pinto@example.com
US,megan.hall@example.com
CH,mona.bertrand@example.com
FI,eemil.ruona@example.com
ES,german.mora@example.com
US,jeremy.morris@example.com
DE,franjo.reimer@example.com
DK,rasmus.larsen@example.com
AU,bobby.pierce@example.com
DK,adam.christiansen@example.com
GB,tommy.vargas@example.com
BR,cicera.barbosa@example.com
NO,adina.remen@example.com
NZ,hayley.harris@example.com
IR,sryn.nkwnzr@example.com
BR,manel.santos@example.com
DE,hedwig.matheis@example.com
IE,jen.mccoy@example.com
GB,sheryl.walters@example.com
US,lillie.brown@example.com
DK,sebastian.jensen@example.com
NO,nikoline.nyhus@example.com
DK,silje.nielsen@example.com
TR,umut.tunaboylu@example.com
DE,franka.lucas@example.com
NO,ridwan.halland@example.com
CA,leanne.lo@example.com
IE,samantha.baker@example.com
CA,xavier.ennis@example.com
FR,axelle.gauthier@example.com
CA,antoine.lavigne@example.com
AU,soham.hart@example.com
NL,yara.vanderwalle@example.com
AU,raul.jennings@example.com
BR,anastacia.silveira@example.com
NZ,maia.hall@example.com
ES,raquel.mora@example.com
AU,maurice.ellis@example.com
GB,brad.diaz@example.com
IR,prs.hmdy@example.com
TR,onal.turkyilmaz@example.com
ES,lourdes.herrero@example.com
NL,belinda.tip@example.com
ES,esther.vazquez@example.com
DE,ewa.blome@example.com
CA,tristan.miller@example.com
GB,julian.henry@example.com
NZ,maria.jackson@example.com
NO,julianne.friberg@example.com
AU,anne.weaver@example.com
AU,zoe.webb@example.com
BR,oceano.aragao@example.com
ES,anna.soto@example.com
TR,deniz.erbulak@example.com
CA,florence.gagnon@example.com
DK,sofie.andersen@example.com
DE,dan.sieber@example.com
IR,ln.njty@example.com
AU,kim.stephens@example.com
BR,belina.rocha@example.com
DK,emily.sorensen@example.com
FR,guillaume.rodriguez@example.com
IR,mlyn.sdr@example.com
AU,wyatt.ramirez@example.com
NL,hillechiena.borsboom@example.com
CH,corinna.garnier@example.com
GB,lance.pierce@example.com
FI,eeli.mattila@example.com
TR,deniz.karaduman@example.com
NL,imane.daalmeijer@example.com
FR,fanny.guillaume@example.com
FI,sara.hautala@example.com
IE,debra.burton@example.com
ES,arturo.lorenzo@example.com
TR,ulku.hakyemez@example.com
TR,ege.keseroglu@example.com
FI,oliver.leinonen@example.com
US,wyatt.bates@example.com
DK,felix.kristensen@example.com
ES,andres.suarez@example.com
IR,lyn.mhmdkhn@example.com
NL,jonathan.notten@example.com
NZ,asher.robinson@example.com
FR,alyssia.lopez@example.com
US,greg.morgan@example.com
NO,sturla.slette@example.com
CA,victor.barnaby@example.com
CH,ralph.chevalier@example.com
IR,aynz.sdr@example.com
DK,andrea.jorgensen@example.com
IE,louise.richards@example.com
FR,thibault.simon@example.com
US,hazel.garza@example.com
GB,ellen.lambert@example.com
NO,denis.langhelle@example.com
GB,charlotte.cook@example.com
DK,isabella.moller@example.com
GB,kate.rodriguez@example.com
CH,lara.lopez@example.com
ES,andrea.cortes@example.com
ES,josefa.bravo@example.com
NL,tamar.schillemans@example.com
FR,ambre.clement@example.com
NZ,imogen.roberts@example.com
NL,abdulahi.nieuwenhuijs@example.com
CA,felix.clark@example.com
NZ,ava.anderson@example.com
IR,th.khwty@example.com
GB,grace.montgomery@example.com
FR,noah.perrin@example.com
NZ,elizabeth.turner@example.com
ES,mariano.marquez@example.com
BR,etiene.pinto@example.com
NZ,lucas.taylor@example.com
CH,dirk.girard@example.com
FR,morgan.durand@example.com
GB,francisco.schmidt@example.com
BR,aquiles.monteiro@example.com
CA,julia.morin@example.com
FR,adrien.brunet@example.com
NO,iselin.bergan@example.com
AU,jean.carlson@example.com
ES,paula.arias@example.com
DK,sofie.nielsen@example.com
NO,mari.storheim@example.com
IE,louis.perkins@example.com
CA,emily.patel@example.com
TR,buse.abanuz@example.com
NZ,xavier.martin@example.com
US,julian.fernandez@example.com
US,margie.flores@example.com
DK,bertram.olsen@example.com
GB,claude.dixon@example.com
NO,jessica.opgard@example.com
IE,isaiah.kelley@example.com
BR,janardo.dacunha@example.com
FI,iiris.laitinen@example.com
BR,hilda.araujo@example.com
TR,onal.ozansoy@example.com
ES,sandra.serrano@example.com
DE,luciano.kempf@example.com
GB,linda.wilson@example.com
IR,adryn.sdr@example.com
NL,naciye.trommelen@example.com
US,joanne.morris@example.com
IR,mhn.kmyrn@example.com
DK,nikolaj.petersen@example.com
NZ,jasmine.taylor@example.com
NZ,isla.morris@example.com
IR,mny.rdyyn@example.com
GB,heather.gomez@example.com
IE,jessie.james@example.com
NZ,stella.turner@example.com
IR,aalyrd.ysmy@example.com
FI,alisa.jokela@example.com
IE,lucas.byrd@example.com
DK,asta.olsen@example.com
NO,freja.presthus@example.com
IE,tammy.hicks@example.com
DE,milan.bacher@example.com
FI,luukas.kyllonen@example.com
DK,naja.jensen@example.com
DE,sedat.hendricks@example.com
ES,monica.leon@example.com
IR,thn.hmdy@example.com
BR,zoica.silveira@example.com
US,lewis.lambert@example.com
CA,leanne.ennis@example.com
IE,tyler.watkins@example.com
US,bradley.davidson@example.com
CA,ethan.pelletier@example.com
NZ,molly.martin@example.com
TR,esat.turkyilmaz@example.com
FR,manon.mathieu@example.com
NO,charlie.ressem@example.com
FR,eliott.legrand@example.com
TR,ulku.ozbey@example.com
IR,armyn.jaafry@example.com
US,annie.silva@example.com
NO,andrea.hegg@example.com
CA,jacob.sirko@example.com
IE,elliot.brown@example.com
NO,eivind.rongved@example.com
DK,victoria.nielsen@example.com
NZ,louis.king@example.com
IR,aabs.aalyzdh@example.com
DE,fadime.kiel@example.com
US,ritthy.alvarez@example.com
AU,gordon.webb@example.com
GB,jenny.wood@example.com
IR,mhdy.jaafry@example.com
GB,brett.holmes@example.com
IR,ftmh.glshn@example.com
NO,muna.netland@example.com
US,eleanor.jimenez@example.com
US,alfredo.shelton@example.com
CH,anina.robert@example.com
BR,delia.dias@example.com
FR,estelle.deschamps@example.com
GB,maddison.howell@example.com
GB,darrell.bates@example.com
US,amber.nelson@example.com
US,jim.fields@example.com
FI,rasmus.takala@example.com
NO,ahmed.sjovold@example.com
AU,jo.marshall@example.com
FI,konsta.heino@example.com
FR,coline.martinez@example.com
ES,hugo.hernandez@example.com
CH,ahmad.berger@example.com
DK,filippa.kristensen@example.com
BR,francisca.dacunha@example.com
ES,adriana.carrasco@example.com
FI,ilona.saari@example.com
GB,sebastian.daniels@example.com
TR,deniz.ozdenak@example.com
AU,ella.ford@example.com
CH,andrew.roussel@example.com
CA,florence.fortin@example.com
ES,angeles.leon@example.com
IE,dwayne.mckinney@example.com
NZ,toby.zhang@example.com
BR,seleso.jesus@example.com
DK,mads.olsen@example.com
IR,brn.khwty@example.com
FR,thibaut.lopez@example.com
CH,bruno.lefevre@example.com
IE,chad.hall@example.com
FI,iina.salonen@example.com
DE,gerlind.lindemann@example.com
IR,khwrwsh.slry@example.com
IR,nznyn.hsyny@example.com
BR,nicete.rodrigues@example.com
FR,thais.nicolas@example.com
CA,aubrey.harcourt@example.com
FR,fanny.martin@example.com
CA,carter.jean-baptiste@example.com
AU,tracy.barnes@example.com
NL,zaza.vriends@example.com
TR,ozsu.durmaz@example.com
US,megan.howard@example.com
AU,karl.morales@example.com
CH,anabela.renaud@example.com
FI,ronja.elo@example.com
DE,hans-detlef.moser@example.com
US,melvin.king@example.com
CH,yves.robert@example.com
US,judy.montgomery@example.com
AU,terrence.walters@example.com
AU,leslie.cox@example.com
GB,logan.thomas@example.com
CH,camille.nicolas@example.com
FR,pierre.brunet@example.com
FI,emil.koskinen@example.com
TR,deniz.eronat@example.com
NZ,ezra.king@example.com
BR,rudinele.darosa@example.com
NL,romaisae.vandenadel@example.com
CA,jayden.ambrose@example.com
GB,philip.morgan@example.com
CA,addison.french@example.com
FI,valtteri.tervo@example.com
DE,ingbert.goldschmidt@example.com
DK,valdemar.christiansen@example.com
NO,thor.flatland@example.com
CA,brielle.bouchard@example.com
IE,liam.douglas@example.com
AU,georgia.schmidt@example.com
AU,michael.kuhn@example.com
BR,andresa.rezende@example.com
IE,enrique.day@example.com
DK,nicoline.mortensen@example.com
CA,camille.bouchard@example.com
NL,kendra.holtslag@example.com
ES,angel.molina@example.com
IE,scarlett.lowe@example.com
DE,timm.keil@example.com
CH,josephine.lopez@example.com
US,kristin.coleman@example.com
AU,beth.green@example.com
DK,naja.moller@example.com
ES,luis.soler@example.com
CA,delphine.young@example.com
NZ,ethan.thomas@example.com
DE,mareile.stephan@example.com
DK,mikkel.christiansen@example.com
NZ,scarlett.thompson@example.com
BR,ambrosio.araujo@example.com
AU,ivan.king@example.com
AU,brent.phillips@example.com
IE,kayla.bishop@example.com
NZ,naomi.thompson@example.com
TR,kubra.kunter@example.com
CH,elsa.morin@example.com
NL,sharen.ekkelboom@example.com
NL,janske.vanhintum@example.com
CH,ernest.fournier@example.com
DK,asta.jorgensen@example.com
NL,mare.brink@example.com
IE,roland.boyd@example.com
FR,celian.sanchez@example.com
US,ernest.romero@example.com
NO,milo.narvestad@example.com
AU,perry.spencer@example.com
DE,elsa.wetzel@example.com
FR,mael.renaud@example.com
DE,annett.grosch@example.com
FI,joona.raisanen@example.com
FI,emil.wainio@example.com
IE,susie.hopkins@example.com
FR,luis.roy@example.com
TR,ceyhan.balci@example.com
BR,clarissa.daconceicao@example.com
NZ,layla.anderson@example.com
DE,eckhard.figge@example.com
NL,rifka.bolding@example.com
NZ,alexandra.cooper@example.com
DK,andreas.poulsen@example.com
NO,mina.oyan@example.com
BR,valdelaine.ferreira@example.com
CH,georgios.marchand@example.com
TR,deniz.gunday@example.com
IR,sm.aalyzdh@example.com
FI,elias.savela@example.com
CA,etienne.denys@example.com
