phone,cell,email
(137)-315-4154,(348)-883-0872,fatih.cagiran@example.com
(951)-919-1172,(278)-726-5032,dhiradj.venhorst@example.com
01-15-42-31-04,06-11-11-91-38,romane.pierre@example.com
058-16918824,0910-745-1252,awyn.khrymy@example.com
76514813,89268049,rasmus.hansen@example.com
(037)-405-3172,(828)-403-2651,esat.akar@example.com
01-5898-5300,0459-359-303,violet.morrison@example.com
(079)-787-1208,(507)-700-4355,esma.sinanoglu@example.com
07-634-155,043-910-11-60,sanni.kyllonen@example.com
011-019-4065,604-967-2373,carter.cote@example.com
02012911,32125755,villads.nielsen@example.com
986-165-5450,073-922-9119,dylan.fortin@example.com
019467 31622,0784-549-813,benjamin.thompson@example.com
(403)-873-6789,(020)-108-1798,nazik.verstraten@example.com
(446)-121-5862,(303)-603-8867,yme.vandenmaagdenberg@example.com
979-964-878,656-579-402,sandra.gallego@example.com
509-962-8285,680-605-6349,benjamin.bergeron@example.com
50072046,92920767,wiktoria.vollan@example.com
66462350,44526715,rachel.forsund@example.com
957-976-220,688-643-832,julian.soler@example.com
990-620-769,670-802-558,ines.caballero@example.com
07-877-244,042-286-23-94,ella.saksa@example.com
79455226,42297913,ole.lidal@example.com
815-639-0720,476-003-9673,zachary.kowalski@example.com
68349524,96444181,stanislaw.mohammadi@example.com
00-7876-6836,0458-702-234,phillip.castro@example.com
(709)-564-6229,(795)-318-9979,freya.jackson@example.com
(291)-268-3865,(964)-576-1996,nuran.weterings@example.com
03-1834-5491,0418-881-801,ida.soto@example.com
67578889,93632638,emrik.ronne@example.com
523-429-5174,067-715-5946,victoria.bergeron@example.com
0613-2058812,0171-7826375,ricarda.meyer@example.com
(14) 1061-9819,(26) 2964-4600,zacarias.castro@example.com
(008)-560-4326,(603)-076-7084,jerry.castro@example.com
07-052-363,041-231-37-00,olivia.seppala@example.com
05-100-149,045-775-43-05,minttu.heikkinen@example.com
27579388,45062596,sofie.petersen@example.com
(024)-722-2315,(900)-886-0069,jordan.cooper@example.com
(534)-657-8057,(438)-039-7035,miriam.armstrong@example.com
41071213,74876084,andrea.petersen@example.com
(86) 2448-2029,(35) 0530-4919,virginia.silveira@example.com
(902)-352-2013,(008)-363-4592,perry.wagner@example.com
(66) 0780-8713,(69) 6527-9644,bernardete.gomes@example.com
02584720,28184061,astrid.christiansen@example.com
579-137-2748,442-775-7870,philippe.wilson@example.com
(363)-699-6521,(646)-150-1122,flynn.turner@example.com
016974 11748,0708-452-547,charles.walker@example.com
61895573,48400487,sigmund.finnerud@example.com
0823-5983134,0173-4371942,agathe.westphal@example.com
(543)-082-8266,(471)-220-4498,isabella.zhang@example.com
66695465,99871087,oscar.nielsen@example.com
058-72886930,0961-089-5086,sm.shylyrd@example.com
(88) 8327-9105,(11) 8427-4920,meire.rodrigues@example.com
(947)-925-0755,(869)-489-6023,joshua.curtis@example.com
078 845 66 02,078 502 05 61,henriette.boyer@example.com
(666)-536-5975,(859)-128-9188,jerome.bailey@example.com
977-685-330,672-912-365,consuelo.gallardo@example.com
076 202 85 51,076 678 61 72,gloria.morin@example.com
07-427-157,045-122-81-40,hilla.leinonen@example.com
077 252 38 39,079 549 05 71,rodrigo.gaillard@example.com
0119-2154312,0174-7661916,marie.dietrich@example.com
(490)-746-5200,(364)-178-7812,aiden.wang@example.com
(953)-538-5042,(679)-174-1221,cooper.robinson@example.com
(984)-465-7699,(065)-321-3261,bob.brown@example.com
(64) 0558-1857,(79) 6983-5699,fortunata.pereira@example.com
524-501-9127,066-643-4974,camille.anderson@example.com
0926-4310355,0179-6595338,sandy.brauer@example.com
0745-8168744,0174-0974612,telse.haarmann@example.com
0972-4063825,0170-2806243,marzena.manthey@example.com
(210)-789-8432,(440)-064-2222,talisa.sonmez@example.com
01-80-59-56-02,06-05-74-81-07,theo.laurent@example.com
0118436 102 3004,0761-773-046,lucy.perkins@example.com
00-7836-2764,0459-137-491,rafael.flores@example.com
0431-1058934,0174-6241879,egbert.haake@example.com
060-41199374,0975-338-9123,mrym.jaafry@example.com
901-393-403,631-974-855,noelia.roman@example.com
(790)-329-7471,(203)-331-0432,beau.white@example.com
01-32-18-33-97,06-02-61-17-68,lily.roche@example.com
318-128-1857,125-042-8356,maya.mackay@example.com
01-84-87-89-00,06-65-73-56-79,mahe.schmitt@example.com
(80) 6751-9362,(82) 8608-8086,cirleni.mendes@example.com
75590847,90411757,nicole.lindqvist@example.com
44889146,43256554,sara.moller@example.com
931-881-351,692-706-629,javier.pascual@example.com
031-504-0464,081-353-8133,kristin.jensen@example.com
11961872,66087768,victor.kristensen@example.com
(97) 7556-8378,(55) 1061-3638,sesinando.cavalcanti@example.com
941-991-124,657-710-489,felipe.castro@example.com
08-3649-1447,0457-365-125,ralph.james@example.com
(195)-655-4592,(238)-400-8132,volkan.sezek@example.com
88948328,91144419,emily.bjorstad@example.com
016977 5765,0715-543-190,molly.neal@example.com
077 292 59 24,079 867 81 92,mariana.renaud@example.com
(830)-004-6714,(937)-202-5910,mehmet.agaoglu@example.com
051-123-9659,081-788-7162,benjamin.bates@example.com
05-159-706,048-023-20-84,linnea.kokko@example.com
(501)-841-8502,(865)-108-1211,bruce.torres@example.com
02-406-536,042-561-82-75,julius.makela@example.com
(10) 1038-0738,(93) 7448-1447,charlene.alves@example.com
02-331-361,045-506-68-79,sara.luoma@example.com
(903)-611-9622,(824)-211-3440,jeppe.devlugt@example.com
04-2387-1634,0481-034-970,elmer.tucker@example.com
62564037,48038567,mathis.fonn@example.com
89169715,96886583,sina.pilskog@example.com
05-93-97-62-59,06-42-90-70-11,charly.guerin@example.com
02-912-597,043-606-01-00,toivo.kivela@example.com
014-42034783,0987-109-1929,mhn.qsmy@example.com
077 683 85 45,075 037 80 16,pierre-andre.philippe@example.com
918-057-811,672-167-072,rosario.garcia@example.com
05-03-65-91-02,06-53-79-24-94,maya.michel@example.com
08-537-968,046-052-82-48,aatu.lepisto@example.com
(253)-802-1126,(917)-007-1556,niyazi.hess@example.com
74068494,41516914,olivier.linge@example.com
0111277 360 9224,0703-202-988,vernon.may@example.com
990-870-005,662-408-154,ricardo.martin@example.com
(985)-089-7521,(925)-586-8953,oya.kuday@example.com
(132)-060-2581,(500)-977-6487,phoebe.chen@example.com
82819508,37560187,emma.christiansen@example.com
015395 25235,0712-843-685,don.wood@example.com
396-285-7718,081-323-9950,leanne.chow@example.com
01253 344562,0772-114-779,alex.allen@example.com
510-181-8877,557-527-3168,james.park@example.com
(46) 5054-0839,(09) 8888-2326,vitor.silveira@example.com
970-256-071,605-345-229,gerardo.nieto@example.com
021-278-3445,081-989-1646,allie.craig@example.com
0354-3320695,0176-5340008,ludmilla.seeliger@example.com
376-407-9842,312-344-8143,ryder.williams@example.com
23469894,42864147,nicoline.pedersen@example.com
(237)-776-1659,(473)-045-9062,emre.velioglu@example.com
(309)-266-0731,(455)-781-8821,gul.limoncuoglu@example.com
077 046 23 09,077 577 10 99,matteo.garnier@example.com
(449)-612-9943,(161)-297-7920,ahmet.gonultas@example.com
04-2767-6250,0494-364-709,walter.cole@example.com
(617)-723-1510,(862)-774-2248,ege.ozgorkey@example.com
(99) 7375-7439,(01) 8607-8058,bia.ramos@example.com
0875-2939284,0175-8916124,gloria.germann@example.com
(670)-464-0899,(211)-409-1140,berkan.schoonhoven@example.com
051-887-7408,081-777-0587,kelly.murphy@example.com
(248)-326-4820,(997)-477-6067,nina.li@example.com
62634893,44560841,jacob.olsen@example.com
05-4060-4560,0407-879-915,courtney.barrett@example.com
06-314-669,048-512-25-38,nooa.waisanen@example.com
209-203-4396,937-700-7587,logan.wong@example.com
075 685 37 95,077 922 63 50,josiane.muller@example.com
015394 96813,0779-300-710,tom.king@example.com
(02) 7728-9350,(98) 6845-3960,claudine.goncalves@example.com
093-73244121,0979-998-9051,hly.mrdy@example.com
(764)-867-6751,(725)-811-7689,fatma.dusenkalkar@example.com
09-4506-4887,0436-125-666,alicia.garrett@example.com
03-95-92-04-28,06-77-55-61-12,enzo.garnier@example.com
0407-1113419,0177-9324951,tara.hasse@example.com
(912)-434-3469,(073)-834-5312,baris.aclan@example.com
07-7496-0520,0443-999-645,mattie.smith@example.com
01369 74215,0720-806-291,warren.perry@example.com
04-4825-9232,0411-749-871,allison.vargas@example.com
071-151-5253,081-255-6630,lauren.sullivan@example.com
(135)-851-0210,(624)-027-9269,nalan.aksit@example.com
60180837,48151035,kathrine.antonsen@example.com
06-1502-5929,0485-562-278,chad.white@example.com
016973 64438,0771-975-088,erik.ward@example.com
0384-4179498,0175-0712201,milka.goldbach@example.com
874-514-0816,819-313-0541,harper.belanger@example.com
09-1076-1568,0490-023-634,lillie.williams@example.com
0123-0676165,0170-4994751,emil.alexander@example.com
0673-8615200,0171-8694427,karl-hans.diederichs@example.com
(028)-652-9242,(327)-005-2502,tonya.freeman@example.com
07-186-103,041-754-17-51,sara.salminen@example.com
(792)-123-0837,(767)-453-0573,amanda.payne@example.com
078 499 28 63,079 505 64 91,soraya.roux@example.com
05-34-54-43-22,06-35-64-08-37,oceane.guillot@example.com
(83) 4825-7122,(46) 2208-9963,carsta.darosa@example.com
(02) 7368-6141,(53) 0438-6518,leonor.gomes@example.com
(097)-218-5913,(542)-455-5780,kenan.evliyaoglu@example.com
0306-3823877,0171-4605796,solveig.arendt@example.com
04-7946-4495,0474-037-219,laurie.newman@example.com
(89) 2489-1932,(26) 9425-5147,ariel.pinto@example.com
(428)-454-2897,(093)-220-6486,megan.hall@example.com
077 887 75 80,078 756 51 48,mona.bertrand@example.com
09-538-303,043-108-88-26,eemil.ruona@example.com
980-600-908,673-617-555,german.mora@example.com
(725)-545-7271,(048)-884-1710,jeremy.morris@example.com
0158-1977320,0178-4824700,franjo.reimer@example.com
18743283,52095943,rasmus.larsen@example.com
02-2811-5225,0497-060-960,bobby.pierce@example.com
08394194,77247241,adam.christiansen@example.com
016977 44873,0792-015-152,tommy.vargas@example.com
(51) 8648-1567,(68) 4002-3217,cicera.barbosa@example.com
21010003,45200116,adina.remen@example.com
(574)-895-1798,(582)-689-2357,hayley.harris@example.com
068-97921176,0919-738-1218,sryn.nkwnzr@example.com
(26) 4964-9244,(00) 0753-1548,manel.santos@example.com
0513-5872085,0174-6840113,hedwig.matheis@example.com
011-040-0569,081-202-8317,jen.mccoy@example.com
0151 658 0746,0753-785-984,sheryl.walters@example.com
(084)-502-9920,(743)-183-1538,lillie.brown@example.com
75343472,90416525,sebastian.jensen@example.com
27228337,46222197,nikoline.nyhus@example.com
57418676,49776569,silje.nielsen@example.com
(161)-341-8595,(573)-366-4321,umut.tunaboylu@example.com
0631-4997593,0177-3741114,franka.lucas@example.com
55462702,49878085,ridwan.halland@example.com
543-093-3538,164-889-8546,leanne.lo@example.com
061-533-9662,081-576-5565,samantha.baker@example.com
280-015-3248,265-158-9768,xavier.ennis@example.com
04-04-58-92-69,06-88-28-73-78,axelle.gauthier@example.com
322-587-0128,701-615-2106,antoine.lavigne@example.com
08-7905-2852,0435-823-808,soham.hart@example.com
(264)-046-9948,(374)-333-3593,yara.vanderwalle@example.com
08-8412-2113,0493-900-849,raul.jennings@example.com
(88) 4181-4963,(07) 3278-8509,anastacia.silveira@example.com
(229)-402-1200,(271)-520-9569,maia.hall@example.com
918-520-435,698-897-012,raquel.mora@example.com
04-5170-7269,0416-907-328,maurice.ellis@example.com
017687 01407,0704-513-552,brad.diaz@example.com
047-25193955,0950-673-9908,prs.hmdy@example.com
(597)-985-0035,(694)-385-3855,onal.turkyilmaz@example.com
938-992-197,603-766-970,lourdes.herrero@example.com
(714)-650-5707,(284)-187-1268,belinda.tip@example.com
958-736-330,602-068-650,esther.vazquez@example.com
0870-0775883,0173-5752454,ewa.blome@example.com
491-869-5853,542-028-7644,tristan.miller@example.com
0181 140 8611,0792-397-749,julian.henry@example.com
(915)-556-5289,(505)-897-6665,maria.jackson@example.com
64269700,95859025,julianne.friberg@example.com
05-1566-5650,0463-476-036,anne.weaver@example.com
03-9438-8652,0442-766-575,zoe.webb@example.com
(55) 5730-1456,(91) 5431-3463,oceano.aragao@example.com
916-176-551,689-158-999,anna.soto@example.com
(972)-004-4924,(052)-500-9491,deniz.erbulak@example.com
211-263-7553,163-684-5111,florence.gagnon@example.com
39775413,74621024,sofie.andersen@example.com
0478-7192331,0172-6528118,dan.sieber@example.com
014-44501156,0986-176-7212,ln.njty@example.com
04-9016-9296,0400-901-599,kim.stephens@example.com
(30) 1571-9738,(48) 7597-7527,belina.rocha@example.com
86796132,15500302,emily.sorensen@example.com
01-32-19-53-38,06-16-75-77-57,guillaume.rodriguez@example.com
055-82246706,0914-134-9588,mlyn.sdr@example.com
07-5343-6834,0461-887-429,wyatt.ramirez@example.com
(428)-319-9949,(451)-232-9539,hillechiena.borsboom@example.com
077 891 97 40,077 549 11 16,corinna.garnier@example.com
013873 28755,0775-507-664,lance.pierce@example.com
03-667-411,046-849-88-44,eeli.mattila@example.com
(719)-077-1745,(963)-947-8986,deniz.karaduman@example.com
(874)-256-1265,(574)-080-4956,imane.daalmeijer@example.com
03-59-51-45-98,06-19-60-37-93,fanny.guillaume@example.com
09-085-110,046-111-48-23,sara.hautala@example.com
031-664-5928,081-049-0516,debra.burton@example.com
913-574-383,644-565-462,arturo.lorenzo@example.com
(778)-657-9186,(882)-657-8456,ulku.hakyemez@example.com
(143)-356-2640,(095)-162-4367,ege.keseroglu@example.com
09-888-316,048-679-42-41,oliver.leinonen@example.com
(635)-995-9237,(535)-833-9256,wyatt.bates@example.com
73266987,02118926,felix.kristensen@example.com
964-975-651,686-146-978,andres.suarez@example.com
034-99266074,0976-249-5677,lyn.mhmdkhn@example.com
(303)-738-0856,(259)-531-0164,jonathan.notten@example.com
(426)-978-3631,(643)-493-3298,asher.robinson@example.com
04-92-95-10-56,06-67-85-31-00,alyssia.lopez@example.com
(889)-749-5756,(293)-176-8770,greg.morgan@example.com
35247778,98320504,sturla.slette@example.com
904-649-0898,416-364-1419,victor.barnaby@example.com
079 102 69 67,078 854 98 80,ralph.chevalier@example.com
051-63542638,0943-386-6016,aynz.sdr@example.com
29576053,07875211,andrea.jorgensen@example.com
011-982-7408,081-689-7138,louise.richards@example.com
05-82-97-06-03,06-96-07-12-34,thibault.simon@example.com
(595)-181-7781,(685)-132-6401,hazel.garza@example.com
0113742 832 8259,0739-951-397,ellen.lambert@example.com
80180132,46660157,denis.langhelle@example.com
016977 43698,0716-573-707,charlotte.cook@example.com
46917920,17419702,isabella.moller@example.com
016974 20001,0739-375-035,kate.rodriguez@example.com
076 047 76 25,076 614 23 80,lara.lopez@example.com
996-939-078,658-450-193,andrea.cortes@example.com
935-613-300,664-552-118,josefa.bravo@example.com
(803)-850-9521,(884)-319-1695,tamar.schillemans@example.com
05-53-04-93-12,06-42-79-58-69,ambre.clement@example.com
(066)-218-8322,(536)-502-1841,imogen.roberts@example.com
(251)-301-2878,(283)-150-9890,abdulahi.nieuwenhuijs@example.com
137-532-6161,247-924-5285,felix.clark@example.com
(117)-206-0225,(926)-327-0217,ava.anderson@example.com
036-66660452,0970-843-2507,th.khwty@example.com
025 0837 1926,0756-356-533,grace.montgomery@example.com
02-28-17-74-82,06-15-56-64-70,noah.perrin@example.com
(484)-244-7980,(216)-903-7363,elizabeth.turner@example.com
966-258-977,675-356-762,mariano.marquez@example.com
(16) 2545-2693,(16) 9079-5488,etiene.pinto@example.com
(869)-059-2581,(588)-215-9456,lucas.taylor@example.com
076 666 11 00,077 929 05 61,dirk.girard@example.com
04-13-60-65-04,06-22-41-76-27,morgan.durand@example.com
0119539 071 4169,0770-835-476,francisco.schmidt@example.com
(05) 1402-3717,(58) 0302-8402,aquiles.monteiro@example.com
667-505-6966,684-110-0368,julia.morin@example.com
04-92-99-16-31,06-13-77-74-10,adrien.brunet@example.com
50273955,93629936,iselin.bergan@example.com
01-1357-8178,0464-036-699,jean.carlson@example.com
994-721-652,613-732-591,paula.arias@example.com
40086395,04623499,sofie.nielsen@example.com
75593066,48856506,mari.storheim@example.com
021-022-5564,081-151-0181,louis.perkins@example.com
790-285-0562,737-494-0517,emily.patel@example.com
(770)-597-3469,(941)-447-5795,buse.abanuz@example.com
(101)-417-6291,(521)-818-7045,xavier.martin@example.com
(743)-953-1669,(093)-474-0195,julian.fernandez@example.com
(121)-547-8319,(640)-896-6475,margie.flores@example.com
68881739,38314900,bertram.olsen@example.com
015242 38627,0739-953-512,claude.dixon@example.com
68495161,90362059,jessica.opgard@example.com
041-725-4446,081-486-6504,isaiah.kelley@example.com
(99) 8343-1154,(17) 1839-5735,janardo.dacunha@example.com
04-423-763,041-883-02-66,iiris.laitinen@example.com
(52) 8528-9199,(50) 6589-6740,hilda.araujo@example.com
(136)-048-7462,(717)-719-2634,onal.ozansoy@example.com
925-239-871,659-018-945,sandra.serrano@example.com
0560-0572131,0178-3307796,luciano.kempf@example.com
016974 49291,0705-704-473,linda.wilson@example.com
007-24608993,0971-558-9579,adryn.sdr@example.com
(335)-220-4977,(409)-061-3802,naciye.trommelen@example.com
(102)-699-6689,(159)-391-7553,joanne.morris@example.com
006-81012030,0909-548-4773,mhn.kmyrn@example.com
61845116,98720457,nikolaj.petersen@example.com
(601)-716-6186,(623)-385-5475,jasmine.taylor@example.com
(608)-700-2945,(142)-148-3902,isla.morris@example.com
024-83478865,0954-951-7632,mny.rdyyn@example.com
015395 83979,0779-265-944,heather.gomez@example.com
011-294-3269,081-975-6489,jessie.james@example.com
(145)-848-8303,(209)-639-0724,stella.turner@example.com
043-85583154,0997-985-0696,aalyrd.ysmy@example.com
02-234-833,041-210-56-11,alisa.jokela@example.com
051-636-8099,081-236-7322,lucas.byrd@example.com
06851641,58818545,asta.olsen@example.com
76115487,95625221,freja.presthus@example.com
051-937-5784,081-209-7850,tammy.hicks@example.com
0276-8548173,0172-9810279,milan.bacher@example.com
07-651-633,047-650-64-78,luukas.kyllonen@example.com
72283685,30703899,naja.jensen@example.com
0612-9664353,0178-2924299,sedat.hendricks@example.com
905-801-170,640-096-039,monica.leon@example.com
068-29443307,0959-644-6753,thn.hmdy@example.com
(97) 5907-8254,(96) 3411-1739,zoica.silveira@example.com
(248)-980-9662,(061)-739-2874,lewis.lambert@example.com
799-242-0149,306-835-2069,leanne.ennis@example.com
041-052-8674,081-825-6892,tyler.watkins@example.com
(979)-181-2175,(017)-228-1418,bradley.davidson@example.com
915-746-8529,883-795-1947,ethan.pelletier@example.com
(788)-651-2472,(141)-662-7812,molly.martin@example.com
(695)-607-2136,(197)-330-6794,esat.turkyilmaz@example.com
02-06-64-06-01,06-02-61-33-66,manon.mathieu@example.com
50740249,42058212,charlie.ressem@example.com
03-87-03-84-46,06-75-58-65-60,eliott.legrand@example.com
(247)-026-5088,(905)-268-0073,ulku.ozbey@example.com
032-59171932,0906-236-5571,armyn.jaafry@example.com
(908)-167-7391,(096)-096-9026,annie.silva@example.com
77647171,93356729,andrea.hegg@example.com
461-646-6867,668-880-3922,jacob.sirko@example.com
071-155-7322,081-438-5984,elliot.brown@example.com
54343389,90621040,eivind.rongved@example.com
74098724,14246216,victoria.nielsen@example.com
(433)-184-7534,(155)-827-4606,louis.king@example.com
067-81875359,0967-369-4307,aabs.aalyzdh@example.com
0747-0401034,0170-8145696,fadime.kiel@example.com
(582)-995-1151,(975)-479-4020,ritthy.alvarez@example.com
06-9263-0853,0428-234-909,gordon.webb@example.com
026 6887 5477,0705-064-490,jenny.wood@example.com
039-32424019,0998-209-4763,mhdy.jaafry@example.com
016977 1931,0791-379-940,brett.holmes@example.com
044-35505841,0962-871-8827,ftmh.glshn@example.com
52589810,48586339,muna.netland@example.com
(942)-398-7365,(783)-317-6158,eleanor.jimenez@example.com
(387)-593-4090,(751)-833-0358,alfredo.shelton@example.com
079 734 85 06,076 129 47 73,anina.robert@example.com
(84) 1473-6730,(63) 3088-8462,delia.dias@example.com
02-51-16-27-11,06-19-10-19-73,estelle.deschamps@example.com
015395 62516,0719-529-224,maddison.howell@example.com
020 3606 4322,0701-055-807,darrell.bates@example.com
(669)-863-7692,(719)-588-7453,amber.nelson@example.com
(586)-155-0837,(989)-288-4713,jim.fields@example.com
05-974-636,047-428-72-47,rasmus.takala@example.com
72827564,42935414,ahmed.sjovold@example.com
01-4315-4756,0441-855-702,jo.marshall@example.com
06-871-795,041-068-42-06,konsta.heino@example.com
04-73-63-30-15,06-63-37-47-27,coline.martinez@example.com
943-123-208,648-825-552,hugo.hernandez@example.com
078 152 30 05,079 556 67 71,ahmad.berger@example.com
07084336,91808505,filippa.kristensen@example.com
(65) 5540-2320,(82) 8344-9340,francisca.dacunha@example.com
931-004-167,609-624-106,adriana.carrasco@example.com
04-493-839,040-487-10-86,ilona.saari@example.com
015396 35226,0773-227-063,sebastian.daniels@example.com
(531)-146-6169,(648)-726-0366,deniz.ozdenak@example.com
08-0790-2746,0434-745-504,ella.ford@example.com
079 662 17 11,076 519 65 27,andrew.roussel@example.com
571-578-0962,071-012-5038,florence.fortin@example.com
976-059-813,614-954-435,angeles.leon@example.com
061-414-1474,081-678-1424,dwayne.mckinney@example.com
(139)-296-0776,(367)-966-4407,toby.zhang@example.com
(25) 8885-6402,(84) 5072-8406,seleso.jesus@example.com
17315732,10865683,mads.olsen@example.com
042-71965861,0952-571-6861,brn.khwty@example.com
02-31-91-62-88,06-54-85-03-27,thibaut.lopez@example.com
079 651 25 38,075 731 74 26,bruno.lefevre@example.com
031-324-4701,081-351-7427,chad.hall@example.com
06-213-364,046-556-41-12,iina.salonen@example.com
0798-5865685,0171-2976364,gerlind.lindemann@example.com
087-55437988,0975-548-5375,khwrwsh.slry@example.com
030-27664747,0903-906-0938,nznyn.hsyny@example.com
(40) 9056-9486,(00) 4102-0690,nicete.rodrigues@example.com
03-51-20-76-30,06-36-33-76-22,thais.nicolas@example.com
044-687-0791,818-381-0543,aubrey.harcourt@example.com
02-78-25-97-39,06-03-46-73-97,fanny.martin@example.com
077-792-5471,329-204-0898,carter.jean-baptiste@example.com
04-7677-3852,0491-928-768,tracy.barnes@example.com
(823)-407-9689,(706)-610-5899,zaza.vriends@example.com
(744)-393-4960,(863)-419-8592,ozsu.durmaz@example.com
(896)-464-0853,(894)-204-0410,megan.howard@example.com
04-2572-5126,0424-183-755,karl.morales@example.com
077 244 07 87,078 648 28 82,anabela.renaud@example.com
04-423-421,048-174-09-17,ronja.elo@example.com
0565-1428302,0177-5519412,hans-detlef.moser@example.com
(645)-263-0213,(367)-787-9763,melvin.king@example.com
076 707 55 80,077 844 72 35,yves.robert@example.com
(791)-008-1132,(421)-184-9158,judy.montgomery@example.com
05-6817-8533,0438-359-435,terrence.walters@example.com
04-8586-0236,0414-039-261,leslie.cox@example.com
0131 009 7174,0706-273-260,logan.thomas@example.com
076 088 59 31,079 974 50 25,camille.nicolas@example.com
04-51-02-68-88,06-22-07-08-94,pierre.brunet@example.com
03-269-438,047-237-66-02,emil.koskinen@example.com
(405)-372-7521,(424)-932-6985,deniz.eronat@example.com
(537)-079-6121,(990)-808-7648,ezra.king@example.com
(70) 5952-0370,(09) 9060-0382,rudinele.darosa@example.com
(422)-067-0317,(776)-997-7703,romaisae.vandenadel@example.com
699-606-1754,385-685-7565,jayden.ambrose@example.com
023 7378 7756,0788-764-969,philip.morgan@example.com
527-179-7603,731-691-1468,addison.french@example.com
04-817-627,040-107-41-60,valtteri.tervo@example.com
0408-0682426,0174-7969917,ingbert.goldschmidt@example.com
71441792,18867685,valdemar.christiansen@example.com
51230420,95404708,thor.flatland@example.com
708-718-5519,018-383-1037,brielle.bouchard@example.com
071-199-7135,081-706-0335,liam.douglas@example.com
05-0204-4142,0407-569-239,georgia.schmidt@example.com
06-9175-8856,0493-367-311,michael.kuhn@example.com
(90) 7748-1800,(31) 7484-0372,andresa.rezende@example.com
051-875-8307,081-660-2601,enrique.day@example.com
09852193,78177366,nicoline.mortensen@example.com
043-178-0999,833-317-1264,camille.bouchard@example.com
(189)-043-3133,(250)-996-2688,kendra.holtslag@example.com
946-723-971,600-166-624,angel.molina@example.com
041-199-6864,081-624-1279,scarlett.lowe@example.com
0958-1500219,0179-9698687,timm.keil@example.com
076 844 92 28,079 878 29 97,josephine.lopez@example.com
(385)-940-5800,(703)-210-9707,kristin.coleman@example.com
02-0002-6100,0470-830-001,beth.green@example.com
39180184,81629961,naja.moller@example.com
929-023-400,643-450-485,luis.soler@example.com
103-282-3629,446-283-8116,delphine.young@example.com
(355)-713-9610,(620)-902-1360,ethan.thomas@example.com
0843-8520993,0172-6782010,mareile.stephan@example.com
34654962,00575729,mikkel.christiansen@example.com
(353)-646-9995,(451)-572-7502,scarlett.thompson@example.com
(54) 6051-8799,(93) 7730-3273,ambrosio.araujo@example.com
08-0901-7253,0498-666-930,ivan.king@example.com
06-3491-4693,0476-248-813,brent.phillips@example.com
031-070-7654,081-603-8185,kayla.bishop@example.com
(464)-622-0803,(620)-577-8995,naomi.thompson@example.com
(356)-262-7151,(227)-722-5850,kubra.kunter@example.com
079 880 96 25,075 702 62 08,elsa.morin@example.com
(519)-925-8989,(333)-443-3902,sharen.ekkelboom@example.com
(783)-792-1851,(477)-647-9942,janske.vanhintum@example.com
079 385 70 68,077 634 59 95,ernest.fournier@example.com
29141523,58273640,asta.jorgensen@example.com
(233)-662-4126,(849)-541-8646,mare.brink@example.com
071-431-8863,081-534-6403,roland.boyd@example.com
01-03-40-95-01,06-36-10-67-02,celian.sanchez@example.com
(529)-165-4414,(079)-032-2013,ernest.romero@example.com
80568150,92446658,milo.narvestad@example.com
00-5948-7439,0404-834-394,perry.spencer@example.com
0783-5906994,0170-0608958,elsa.wetzel@example.com
02-03-62-77-79,06-17-57-23-56,mael.renaud@example.com
0533-8029202,0177-6125818,annett.grosch@example.com
04-014-988,048-495-40-29,joona.raisanen@example.com
09-407-131,041-129-26-62,emil.wainio@example.com
061-474-4119,081-384-1346,susie.hopkins@example.com
01-67-06-75-28,06-46-20-65-29,luis.roy@example.com
(474)-619-1024,(785)-710-8805,ceyhan.balci@example.com
(28) 8183-8311,(43) 7297-4030,clarissa.daconceicao@example.com
(491)-636-9319,(487)-885-5248,layla.anderson@example.com
0597-0262736,0177-2940158,eckhard.figge@example.com
(123)-101-2238,(082)-632-4271,rifka.bolding@example.com
(205)-409-9706,(317)-015-6771,alexandra.cooper@example.com
18405457,50187519,andreas.poulsen@example.com
77829814,43210160,mina.oyan@example.com
(43) 9924-3124,(15) 8032-8255,valdelaine.ferreira@example.com
079 026 33 63,078 395 35 20,georgios.marchand@example.com
(341)-951-4737,(575)-621-1226,deniz.gunday@example.com
057-05722356,0944-028-7182,sm.aalyzdh@example.com
09-906-972,040-896-70-02,elias.savela@example.com
669-004-1868,473-154-7518,etienne.denys@example.com
