registered_date,registered_age,email
2017-12-23T19:52:33.235Z,5,fatih.cagiran@example.com
2010-05-08T23:00:59.471Z,12,dhiradj.venhorst@example.com
2014-08-06T04:55:10.039Z,8,romane.pierre@example.com
2007-03-29T03:45:55.451Z,15,awyn.khrymy@example.com
2011-11-11T16:33:18.489Z,11,rasmus.hansen@example.com
2019-04-20T06:03:19.991Z,3,esat.akar@example.com
2014-08-27T08:38:49.389Z,8,violet.morrison@example.com
2004-09-07T06:21:42.868Z,18,esma.sinanoglu@example.com
2009-05-02T10:08:19.745Z,13,sanni.kyllonen@example.com
2015-10-28T07:46:30.164Z,7,carter.cote@example.com
2010-09-21T11:58:09.546Z,12,villads.nielsen@example.com
2014-11-11T18:42:59.177Z,8,dylan.fortin@example.com
2006-08-25T15:22:36.027Z,16,benjamin.thompson@example.com
2003-09-17T10:33:12.512Z,19,nazik.verstraten@example.com
2003-02-01T12:27:23.917Z,19,yme.vandenmaagdenberg@example.com
2003-04-03T06:19:06.641Z,19,sandra.gallego@example.com
2011-05-16T08:59:02.624Z,11,benjamin.bergeron@example.com
2009-04-10T13:17:34.733Z,13,wiktoria.vollan@example.com
2014-06-22T23:47:29.884Z,8,rachel.forsund@example.com
2015-09-11T19:59:03.153Z,7,julian.soler@example.com
2016-03-07T22:03:27.869Z,6,ines.caballero@example.com
2014-10-23T09:22:39.444Z,8,ella.saksa@example.com
2008-09-07T18:46:23.021Z,14,ole.lidal@example.com
2012-06-01T04:47:20.681Z,10,zachary.kowalski@example.com
2009-10-31T01:09:55.223Z,13,stanislaw.mohammadi@example.com
2006-06-27T15:30:26.540Z,16,phillip.castro@example.com
2010-11-15T21:05:41.959Z,12,freya.jackson@example.com
2005-12-20T02:21:21.106Z,17,nuran.weterings@example.com
2018-01-22T02:21:25.161Z,4,ida.soto@example.com
2006-08-03T05:17:58.871Z,16,emrik.ronne@example.com
2003-10-12T22:00:06.233Z,19,victoria.bergeron@example.com
2005-03-10T16:25:34.603Z,17,ricarda.meyer@example.com
2007-11-09T21:28:43.727Z,15,zacarias.castro@example.com
2007-01-13T04:16:35.335Z,15,jerry.castro@example.com
2006-10-20T07:54:28.453Z,16,olivia.seppala@example.com
2013-04-07T02:15:25.485Z,9,minttu.heikkinen@example.com
2018-05-08T13:21:55.302Z,4,sofie.petersen@example.com
2006-10-25T15:16:04.598Z,16,jordan.cooper@example.com
2017-04-09T05:08:16.421Z,5,miriam.armstrong@example.com
2011-06-11T13:01:31.022Z,11,andrea.petersen@example.com
2018-10-17T02:39:52.018Z,4,virginia.silveira@example.com
2012-03-28T23:01:43.835Z,10,perry.wagner@example.com
2012-01-21T05:09:57.220Z,10,bernardete.gomes@example.com
2012-01-26T11:00:36.369Z,10,astrid.christiansen@example.com
2014-11-24T07:35:05.659Z,8,philippe.wilson@example.com
2016-07-09T03:14:17.218Z,6,flynn.turner@example.com
2011-09-26T17:05:28.035Z,11,charles.walker@example.com
2008-10-31T04:43:57.162Z,14,sigmund.finnerud@example.com
2005-09-17T16:19:04.482Z,17,agathe.westphal@example.com
2004-12-13T02:01:44.400Z,18,isabella.zhang@example.com
2011-11-29T21:24:23.611Z,11,oscar.nielsen@example.com
2012-12-05T11:03:32.003Z,10,sm.shylyrd@example.com
2004-06-12T19:02:46.933Z,18,meire.rodrigues@example.com
2009-12-27T05:30:09.920Z,13,joshua.curtis@example.com
2008-08-14T04:38:21.089Z,14,henriette.boyer@example.com
2012-10-16T18:32:10.398Z,10,jerome.bailey@example.com
2010-07-13T01:40:47.545Z,12,consuelo.gallardo@example.com
2009-08-23T16:45:59.183Z,13,gloria.morin@example.com
2014-03-15T19:57:00.459Z,8,hilla.leinonen@example.com
2014-03-21T12:04:09.574Z,8,rodrigo.gaillard@example.com
2015-06-27T12:44:58.735Z,7,marie.dietrich@example.com
2015-06-21T09:24:05.560Z,7,aiden.wang@example.com
2003-04-05T18:12:09.830Z,19,cooper.robinson@example.com
2005-01-02T07:40:54.004Z,17,bob.brown@example.com
2011-02-06T14:10:30.593Z,11,fortunata.pereira@example.com
2010-08-13T17:49:49.585Z,12,camille.anderson@example.com
2003-12-28T01:06:31.498Z,19,sandy.brauer@example.com
2017-05-06T16:30:34.016Z,5,telse.haarmann@example.com
2014-07-20T04:32:08.872Z,8,marzena.manthey@example.com
2018-08-16T02:47:14.444Z,4,talisa.sonmez@example.com
2006-01-21T06:50:55.944Z,16,theo.laurent@example.com
2018-01-30T10:56:00.860Z,4,lucy.perkins@example.com
2008-02-29T00:41:50.169Z,14,rafael.flores@example.com
2014-06-25T13:33:01.828Z,8,egbert.haake@example.com
2010-07-08T13:37:18.039Z,12,mrym.jaafry@example.com
2007-04-06T21:09:12.149Z,15,noelia.roman@example.com
2002-06-21T15:15:51.970Z,20,beau.white@example.com
2006-09-24T05:40:00.857Z,16,lily.roche@example.com
2007-04-24T16:35:07.089Z,15,maya.mackay@example.com
2006-09-27T21:17:30.249Z,16,mahe.schmitt@example.com
2017-07-20T12:54:27.271Z,5,cirleni.mendes@example.com
2006-04-15T14:16:48.465Z,16,nicole.lindqvist@example.com
2012-10-25T14:33:09.484Z,10,sara.moller@example.com
2011-12-17T03:48:46.173Z,11,javier.pascual@example.com
2015-08-31T08:23:36.237Z,7,kristin.jensen@example.com
2003-08-09T13:33:12.457Z,19,victor.kristensen@example.com
2003-11-23T21:41:22.735Z,19,sesinando.cavalcanti@example.com
2009-02-24T20:52:25.294Z,13,felipe.castro@example.com
2009-10-12T16:32:32.412Z,13,ralph.james@example.com
2008-06-18T10:44:08.299Z,14,volkan.sezek@example.com
2019-05-14T08:20:19.518Z,3,emily.bjorstad@example.com
2012-01-27T23:58:44.339Z,10,molly.neal@example.com
2011-04-01T18:43:40.803Z,11,mariana.renaud@example.com
2012-05-28T05:33:43.169Z,10,mehmet.agaoglu@example.com
2007-10-04T22:22:36.546Z,15,benjamin.bates@example.com
2018-03-26T10:14:54.215Z,4,linnea.kokko@example.com
2008-12-23T14:12:26.908Z,14,bruce.torres@example.com
2010-11-01T06:06:18.374Z,12,julius.makela@example.com
2008-06-24T16:32:14.263Z,14,charlene.alves@example.com
2016-12-14T23:15:20.179Z,6,sara.luoma@example.com
2008-04-09T20:12:46.291Z,14,jeppe.devlugt@example.com
2007-03-01T04:33:27.960Z,15,elmer.tucker@example.com
2013-03-23T01:05:06.296Z,9,mathis.fonn@example.com
2016-03-06T19:09:18.644Z,6,sina.pilskog@example.com
2016-10-01T09:52:56.415Z,6,charly.guerin@example.com
2014-03-22T06:04:21.583Z,8,toivo.kivela@example.com
2010-09-04T22:36:21.090Z,12,mhn.qsmy@example.com
2009-09-08T05:27:01.862Z,13,pierre-andre.philippe@example.com
2014-08-01T20:37:37.631Z,8,rosario.garcia@example.com
2005-01-12T07:49:01.322Z,17,maya.michel@example.com
2005-09-11T20:23:21.128Z,17,aatu.lepisto@example.com
2012-03-25T08:39:26.268Z,10,niyazi.hess@example.com
2012-10-12T10:29:23.572Z,10,olivier.linge@example.com
2013-03-15T05:10:53.997Z,9,vernon.may@example.com
2008-02-06T03:36:32.220Z,14,ricardo.martin@example.com
2007-04-06T04:37:23.083Z,15,oya.kuday@example.com
2015-02-25T19:09:22.212Z,7,phoebe.chen@example.com
2004-06-06T09:57:57.663Z,18,emma.christiansen@example.com
2011-01-15T05:51:34.601Z,11,don.wood@example.com
2010-02-25T07:07:31.708Z,12,leanne.chow@example.com
2011-02-02T21:07:10.511Z,11,alex.allen@example.com
2005-01-20T15:50:54.478Z,17,james.park@example.com
2015-08-15T17:40:23.466Z,7,vitor.silveira@example.com
2004-06-04T12:57:57.048Z,18,gerardo.nieto@example.com
2009-03-20T07:28:37.648Z,13,allie.craig@example.com
2018-10-26T08:56:33.709Z,4,ludmilla.seeliger@example.com
2009-11-15T06:04:07.315Z,13,ryder.williams@example.com
2003-11-15T03:23:30.372Z,19,nicoline.pedersen@example.com
2011-11-27T23:46:21.022Z,11,emre.velioglu@example.com
2009-03-11T16:11:27.848Z,13,gul.limoncuoglu@example.com
2008-02-18T05:32:14.021Z,14,matteo.garnier@example.com
2002-05-30T12:42:58.199Z,20,ahmet.gonultas@example.com
2007-10-26T03:12:54.724Z,15,walter.cole@example.com
2010-08-22T14:04:47.279Z,12,ege.ozgorkey@example.com
2014-03-26T13:06:50.918Z,8,bia.ramos@example.com
2017-08-04T15:38:45.309Z,5,gloria.germann@example.com
2013-02-01T19:02:42.788Z,9,berkan.schoonhoven@example.com
2003-05-07T13:38:39.193Z,19,kelly.murphy@example.com
2008-04-04T23:05:41.965Z,14,nina.li@example.com
2014-08-21T22:43:22.387Z,8,jacob.olsen@example.com
2012-01-14T19:48:27.309Z,10,courtney.barrett@example.com
2015-01-14T23:59:15.540Z,7,nooa.waisanen@example.com
2004-02-15T02:49:44.994Z,18,logan.wong@example.com
2014-01-10T13:47:11.495Z,8,josiane.muller@example.com
2010-03-17T05:33:26.289Z,12,tom.king@example.com
2015-03-01T14:12:07.651Z,7,claudine.goncalves@example.com
2004-04-30T05:07:31.254Z,18,hly.mrdy@example.com
2017-04-03T00:06:47.874Z,5,fatma.dusenkalkar@example.com
2008-08-26T00:56:00.975Z,14,alicia.garrett@example.com
2015-11-10T01:19:18.159Z,7,enzo.garnier@example.com
2013-04-15T10:32:05.254Z,9,tara.hasse@example.com
2012-01-13T10:25:26.374Z,10,baris.aclan@example.com
2002-05-21T08:30:48.297Z,20,mattie.smith@example.com
2016-01-14T00:50:47.814Z,6,warren.perry@example.com
2014-08-30T23:46:17.371Z,8,allison.vargas@example.com
2008-08-03T18:32:07.405Z,14,lauren.sullivan@example.com
2013-01-23T00:15:27.529Z,9,nalan.aksit@example.com
2015-07-10T05:20:24.915Z,7,kathrine.antonsen@example.com
2015-11-27T00:26:18.466Z,7,chad.white@example.com
2003-03-08T00:04:01.513Z,19,erik.ward@example.com
2002-12-19T12:11:31.554Z,20,milka.goldbach@example.com
2019-02-16T23:36:40.282Z,3,harper.belanger@example.com
2006-10-02T11:24:28.610Z,16,lillie.williams@example.com
2018-06-14T08:13:15.886Z,4,emil.alexander@example.com
2006-01-14T17:18:05.003Z,16,karl-hans.diederichs@example.com
2008-08-24T02:54:02.998Z,14,tonya.freeman@example.com
2011-05-16T22:04:28.335Z,11,sara.salminen@example.com
2002-04-14T21:16:38.510Z,20,amanda.payne@example.com
2011-02-10T20:02:46.042Z,11,soraya.roux@example.com
2009-02-08T16:25:01.724Z,13,oceane.guillot@example.com
2015-11-03T23:36:58.220Z,7,carsta.darosa@example.com
2004-06-26T09:31:04.663Z,18,leonor.gomes@example.com
2007-09-09T03:57:04.892Z,15,kenan.evliyaoglu@example.com
2018-06-22T18:45:42.088Z,4,solveig.arendt@example.com
2003-07-08T19:07:20.405Z,19,laurie.newman@example.com
2004-07-27T13:37:50.427Z,18,ariel.pinto@example.com
2008-03-09T09:19:08.897Z,14,megan.hall@example.com
2015-06-20T04:58:39.005Z,7,mona.bertrand@example.com
2015-06-17T12:46:35.843Z,7,eemil.ruona@example.com
2008-01-22T09:36:58.890Z,14,german.mora@example.com
2004-06-04T00:46:33.412Z,18,jeremy.morris@example.com
2005-02-12T03:00:58.133Z,17,franjo.reimer@example.com
2017-05-24T08:17:33.093Z,5,rasmus.larsen@example.com
2006-02-24T23:42:27.428Z,16,bobby.pierce@example.com
2003-11-21T19:45:02.386Z,19,adam.christiansen@example.com
2012-09-04T14:32:03.703Z,10,tommy.vargas@example.com
2005-11-13T04:59:16.666Z,17,cicera.barbosa@example.com
2002-05-20T08:52:12.496Z,20,adina.remen@example.com
2014-12-23T05:12:29.404Z,8,hayley.harris@example.com
2007-07-07T00:22:33.785Z,15,sryn.nkwnzr@example.com
2019-03-31T03:39:27.208Z,3,manel.santos@example.com
2009-10-12T01:01:58.751Z,13,hedwig.matheis@example.com
2008-04-25T15:32:00.010Z,14,jen.mccoy@example.com
2011-05-26T05:45:03.342Z,11,sheryl.walters@example.com
2018-08-06T03:59:04.278Z,4,lillie.brown@example.com
2003-01-31T14:06:47.250Z,19,sebastian.jensen@example.com
2013-03-03T02:43:12.640Z,9,nikoline.nyhus@example.com
2006-04-15T19:03:43.722Z,16,silje.nielsen@example.com
2016-03-08T13:17:35.304Z,6,umut.tunaboylu@example.com
2019-07-28T15:25:26.775Z,3,franka.lucas@example.com
2007-02-27T21:25:35.878Z,15,ridwan.halland@example.com
2006-02-11T05:12:22.283Z,16,leanne.lo@example.com
2009-05-25T10:32:35.105Z,13,samantha.baker@example.com
2015-11-04T03:12:08.215Z,7,xavier.ennis@example.com
2006-08-18T10:25:23.624Z,16,axelle.gauthier@example.com
2014-01-30T14:52:15.722Z,8,antoine.lavigne@example.com
2012-10-15T18:31:19.079Z,10,soham.hart@example.com
2004-06-02T18:03:54.838Z,18,yara.vanderwalle@example.com
2015-03-22T01:31:39.322Z,7,raul.jennings@example.com
2004-08-17T04:44:44.394Z,18,anastacia.silveira@example.com
2015-03-18T04:17:07.990Z,7,maia.hall@example.com
2018-06-10T22:29:23.926Z,4,raquel.mora@example.com
2003-04-23T08:00:41.080Z,19,maurice.ellis@example.com
2007-04-01T16:41:23.897Z,15,brad.diaz@example.com
2015-03-23T09:09:17.498Z,7,prs.hmdy@example.com
2010-12-31T01:06:20.345Z,12,onal.turkyilmaz@example.com
2018-09-02T12:05:14.216Z,4,lourdes.herrero@example.com
2009-10-09T22:01:35.172Z,13,belinda.tip@example.com
2012-12-08T21:33:13.503Z,10,esther.vazquez@example.com
2013-02-11T09:04:49.095Z,9,ewa.blome@example.com
2011-09-26T01:35:53.576Z,11,tristan.miller@example.com
2015-06-12T13:36:07.681Z,7,julian.henry@example.com
2011-06-15T05:47:57.466Z,11,maria.jackson@example.com
2018-07-18T02:30:38.479Z,4,julianne.friberg@example.com
2017-02-18T23:51:22.119Z,5,anne.weaver@example.com
2009-11-21T03:43:46.942Z,13,zoe.webb@example.com
2010-10-22T09:52:09.362Z,12,oceano.aragao@example.com
2011-07-19T21:08:21.529Z,11,anna.soto@example.com
2010-11-06T12:41:28.557Z,12,deniz.erbulak@example.com
2007-02-16T07:53:53.439Z,15,florence.gagnon@example.com
2008-03-09T16:33:10.766Z,14,sofie.andersen@example.com
2018-01-01T17:35:59.276Z,4,dan.sieber@example.com
2008-10-09T20:12:04.306Z,14,ln.njty@example.com
2015-07-26T03:11:12.812Z,7,kim.stephens@example.com
2003-11-19T15:49:58.251Z,19,belina.rocha@example.com
2010-08-13T12:22:15.211Z,12,emily.sorensen@example.com
2007-07-22T22:14:14.578Z,15,guillaume.rodriguez@example.com
2010-12-06T19:37:40.213Z,12,mlyn.sdr@example.com
2016-08-06T04:03:34.985Z,6,wyatt.ramirez@example.com
2015-12-04T05:52:17.375Z,7,hillechiena.borsboom@example.com
2012-12-27T03:55:51.914Z,10,corinna.garnier@example.com
2016-12-18T11:48:43.148Z,6,lance.pierce@example.com
2004-09-16T16:00:48.920Z,18,eeli.mattila@example.com
2006-10-17T16:40:24.429Z,16,deniz.karaduman@example.com
2003-06-15T18:44:08.623Z,19,imane.daalmeijer@example.com
2019-06-07T04:22:06.121Z,3,fanny.guillaume@example.com
2010-02-01T01:09:34.182Z,12,sara.hautala@example.com
2016-06-17T14:05:06.322Z,6,debra.burton@example.com
2008-07-04T18:06:17.163Z,14,arturo.lorenzo@example.com
2010-04-18T02:06:59.576Z,12,ulku.hakyemez@example.com
2017-08-22T06:32:42.800Z,5,ege.keseroglu@example.com
2018-10-30T18:02:32.027Z,4,oliver.leinonen@example.com
2011-12-07T09:49:00.454Z,11,wyatt.bates@example.com
2006-11-26T04:38:05.179Z,16,felix.kristensen@example.com
2005-08-10T14:20:38.920Z,17,andres.suarez@example.com
2015-07-01T13:00:50.597Z,7,lyn.mhmdkhn@example.com
2011-05-21T00:33:01.688Z,11,jonathan.notten@example.com
2014-04-16T17:19:49.721Z,8,asher.robinson@example.com
2003-02-26T16:03:14.670Z,19,alyssia.lopez@example.com
2004-01-08T07:30:27.743Z,18,greg.morgan@example.com
2017-02-10T05:21:24.791Z,5,sturla.slette@example.com
2017-05-28T18:58:45.678Z,5,victor.barnaby@example.com
2005-04-05T00:43:05.685Z,17,ralph.chevalier@example.com
2004-09-01T12:01:45.440Z,18,aynz.sdr@example.com
2009-12-01T15:39:52.496Z,13,andrea.jorgensen@example.com
2006-12-31T00:11:08.651Z,16,louise.richards@example.com
2009-02-08T19:43:30.306Z,13,thibault.simon@example.com
2002-08-11T21:52:18.263Z,20,hazel.garza@example.com
2012-10-23T23:18:21.541Z,10,ellen.lambert@example.com
2011-05-24T12:40:12.847Z,11,denis.langhelle@example.com
2011-04-11T17:00:21.528Z,11,charlotte.cook@example.com
2009-05-28T17:09:09.008Z,13,isabella.moller@example.com
2012-08-15T06:57:48.718Z,10,kate.rodriguez@example.com
2006-10-30T04:05:24.159Z,16,lara.lopez@example.com
2016-11-10T17:15:25.347Z,6,andrea.cortes@example.com
2005-11-10T12:16:36.830Z,17,josefa.bravo@example.com
2003-02-26T14:59:46.832Z,19,tamar.schillemans@example.com
2012-01-12T01:23:22.320Z,10,ambre.clement@example.com
2006-03-23T20:00:17.252Z,16,imogen.roberts@example.com
2015-11-01T00:00:08.274Z,7,abdulahi.nieuwenhuijs@example.com
2016-09-05T21:50:32.585Z,6,felix.clark@example.com
2010-06-07T15:18:30.713Z,12,ava.anderson@example.com
2016-04-01T11:02:44.975Z,6,th.khwty@example.com
2014-05-04T18:48:43.609Z,8,grace.montgomery@example.com
2016-08-16T16:26:33.275Z,6,noah.perrin@example.com
2018-04-21T03:35:48.791Z,4,elizabeth.turner@example.com
2011-08-24T01:39:28.033Z,11,mariano.marquez@example.com
2017-12-16T17:18:27.290Z,5,etiene.pinto@example.com
2019-08-19T06:37:05.008Z,3,lucas.taylor@example.com
2002-05-22T07:00:18.167Z,20,dirk.girard@example.com
2005-07-17T13:31:43.160Z,17,morgan.durand@example.com
2018-01-26T03:19:12.716Z,4,francisco.schmidt@example.com
2002-12-01T20:48:15.767Z,20,aquiles.monteiro@example.com
2011-11-14T23:03:34.658Z,11,julia.morin@example.com
2007-12-31T04:25:37.686Z,15,adrien.brunet@example.com
2013-11-25T23:42:51.995Z,9,iselin.bergan@example.com
2008-12-25T21:20:23.333Z,14,jean.carlson@example.com
2018-05-26T06:43:55.646Z,4,paula.arias@example.com
2013-06-30T17:25:08.800Z,9,sofie.nielsen@example.com
2003-05-04T17:01:01.720Z,19,mari.storheim@example.com
2010-03-24T18:32:34.425Z,12,louis.perkins@example.com
2017-07-15T10:45:45.709Z,5,emily.patel@example.com
2010-04-14T22:58:52.453Z,12,buse.abanuz@example.com
2006-05-07T08:54:05.524Z,16,xavier.martin@example.com
2013-08-26T21:57:59.479Z,9,julian.fernandez@example.com
2014-07-24T20:31:25.048Z,8,margie.flores@example.com
2011-05-11T21:36:18.670Z,11,bertram.olsen@example.com
2015-02-11T19:29:39.781Z,7,claude.dixon@example.com
2012-05-24T02:19:23.107Z,10,jessica.opgard@example.com
2009-05-26T22:32:43.036Z,13,isaiah.kelley@example.com
2012-08-22T11:21:33.276Z,10,janardo.dacunha@example.com
2004-12-12T15:30:23.833Z,18,iiris.laitinen@example.com
2018-08-06T19:17:22.163Z,4,hilda.araujo@example.com
2017-01-25T22:25:46.237Z,5,onal.ozansoy@example.com
2005-11-21T08:59:47.117Z,17,sandra.serrano@example.com
2017-11-07T01:11:11.173Z,5,luciano.kempf@example.com
2012-04-06T19:36:04.459Z,10,linda.wilson@example.com
2013-07-21T09:10:28.294Z,9,adryn.sdr@example.com
2014-04-15T21:42:25.685Z,8,naciye.trommelen@example.com
2009-05-09T01:07:14.375Z,13,joanne.morris@example.com
2019-02-08T18:09:39.630Z,3,mhn.kmyrn@example.com
2006-10-09T15:36:05.886Z,16,nikolaj.petersen@example.com
2011-09-29T22:16:26.819Z,11,jasmine.taylor@example.com
2014-05-07T05:44:10.826Z,8,isla.morris@example.com
2014-08-16T13:04:40.658Z,8,mny.rdyyn@example.com
2015-10-04T07:41:19.619Z,7,heather.gomez@example.com
2003-08-06T18:48:09.274Z,19,jessie.james@example.com
2014-12-03T01:14:14.349Z,8,stella.turner@example.com
2012-08-21T05:58:07.454Z,10,aalyrd.ysmy@example.com
2011-09-24T08:41:10.029Z,11,alisa.jokela@example.com
2004-06-25T07:51:11.279Z,18,lucas.byrd@example.com
2012-02-15T05:45:22.268Z,10,asta.olsen@example.com
2003-11-23T15:00:50.383Z,19,freja.presthus@example.com
2004-10-27T09:58:52.602Z,18,tammy.hicks@example.com
2002-10-23T21:18:27.068Z,20,milan.bacher@example.com
2011-09-04T20:28:34.810Z,11,luukas.kyllonen@example.com
2011-12-27T06:41:14.333Z,11,naja.jensen@example.com
2019-03-08T00:02:38.218Z,3,sedat.hendricks@example.com
2015-03-27T11:25:19.889Z,7,monica.leon@example.com
2017-06-19T02:53:15.298Z,5,thn.hmdy@example.com
2006-03-26T16:14:02.811Z,16,zoica.silveira@example.com
2009-08-26T08:40:21.216Z,13,lewis.lambert@example.com
2005-11-20T20:39:22.040Z,17,leanne.ennis@example.com
2005-03-11T14:45:34.590Z,17,tyler.watkins@example.com
2007-05-09T01:44:47.991Z,15,bradley.davidson@example.com
2003-03-14T20:08:09.853Z,19,ethan.pelletier@example.com
2019-04-30T04:12:57.809Z,3,molly.martin@example.com
2003-02-14T22:46:53.125Z,19,esat.turkyilmaz@example.com
2008-11-08T07:52:24.200Z,14,manon.mathieu@example.com
2004-07-15T02:17:57.903Z,18,charlie.ressem@example.com
2018-08-20T08:18:47.297Z,4,eliott.legrand@example.com
2008-05-31T05:54:13.061Z,14,ulku.ozbey@example.com
2009-07-25T18:30:44.274Z,13,armyn.jaafry@example.com
2019-01-20T00:19:16.268Z,3,annie.silva@example.com
2012-01-01T08:36:27.146Z,10,andrea.hegg@example.com
2007-10-22T04:07:59.605Z,15,jacob.sirko@example.com
2015-02-24T15:01:23.916Z,7,elliot.brown@example.com
2009-10-22T23:40:04.124Z,13,eivind.rongved@example.com
2016-04-24T13:55:02.288Z,6,victoria.nielsen@example.com
2019-05-22T04:22:57.092Z,3,louis.king@example.com
2017-04-19T18:22:59.076Z,5,aabs.aalyzdh@example.com
2015-12-15T14:19:24.586Z,7,fadime.kiel@example.com
2002-07-09T15:50:20.747Z,20,ritthy.alvarez@example.com
2014-07-03T08:55:45.845Z,8,gordon.webb@example.com
2006-06-09T05:30:11.802Z,16,jenny.wood@example.com
2014-08-19T16:52:40.823Z,8,mhdy.jaafry@example.com
2016-06-02T07:59:23.254Z,6,brett.holmes@example.com
2016-06-11T03:20:59.543Z,6,ftmh.glshn@example.com
2012-01-23T08:53:15.050Z,10,muna.netland@example.com
2007-10-21T05:27:04.023Z,15,eleanor.jimenez@example.com
2019-01-11T12:20:31.576Z,3,alfredo.shelton@example.com
2018-12-29T19:48:04.290Z,4,anina.robert@example.com
2019-09-02T07:31:29.149Z,3,delia.dias@example.com
2007-12-09T00:05:24.683Z,15,estelle.deschamps@example.com
2013-10-06T02:50:48.133Z,9,maddison.howell@example.com
2003-04-03T16:40:04.174Z,19,darrell.bates@example.com
2002-12-02T04:31:22.289Z,20,amber.nelson@example.com
2009-02-06T10:51:34.005Z,13,jim.fields@example.com
2016-10-02T16:18:30.281Z,6,rasmus.takala@example.com
2017-07-19T06:25:23.753Z,5,ahmed.sjovold@example.com
2008-05-08T23:37:48.782Z,14,jo.marshall@example.com
2002-06-25T05:04:27.021Z,20,konsta.heino@example.com
2009-12-21T23:07:47.817Z,13,coline.martinez@example.com
2015-10-13T12:52:42.404Z,7,hugo.hernandez@example.com
2017-11-24T21:48:21.516Z,5,ahmad.berger@example.com
2011-06-24T17:41:39.681Z,11,filippa.kristensen@example.com
2006-04-19T13:01:48.607Z,16,francisca.dacunha@example.com
2014-01-25T02:41:31.888Z,8,adriana.carrasco@example.com
2005-06-20T05:59:27.835Z,17,ilona.saari@example.com
2012-04-27T11:33:45.134Z,10,sebastian.daniels@example.com
2016-11-08T19:42:26.489Z,6,deniz.ozdenak@example.com
2011-08-06T10:46:14.171Z,11,ella.ford@example.com
2016-06-04T10:50:35.227Z,6,andrew.roussel@example.com
2009-05-21T12:03:23.737Z,13,florence.fortin@example.com
2017-04-28T19:43:53.079Z,5,angeles.leon@example.com
2016-06-01T16:37:24.392Z,6,dwayne.mckinney@example.com
2017-02-17T14:41:27.282Z,5,toby.zhang@example.com
2003-04-12T11:50:14.622Z,19,seleso.jesus@example.com
2015-07-27T13:45:17.697Z,7,mads.olsen@example.com
2004-05-10T03:46:33.545Z,18,brn.khwty@example.com
2017-04-28T02:39:39.617Z,5,thibaut.lopez@example.com
2013-11-19T14:45:40.767Z,9,bruno.lefevre@example.com
2015-05-04T04:48:59.454Z,7,chad.hall@example.com
2007-07-15T11:57:47.542Z,15,iina.salonen@example.com
2014-04-08T08:53:47.663Z,8,gerlind.lindemann@example.com
2018-12-29T20:43:32.978Z,4,khwrwsh.slry@example.com
2015-03-05T18:20:57.329Z,7,nznyn.hsyny@example.com
2018-05-27T18:33:54.184Z,4,nicete.rodrigues@example.com
2018-12-18T14:20:09.166Z,4,thais.nicolas@example.com
2011-02-15T07:36:41.680Z,11,aubrey.harcourt@example.com
2008-02-23T08:54:08.232Z,14,fanny.martin@example.com
2012-03-14T03:56:38.729Z,10,carter.jean-baptiste@example.com
2003-12-14T22:55:10.866Z,19,tracy.barnes@example.com
2018-01-02T10:16:14.905Z,4,zaza.vriends@example.com
2017-03-05T16:31:22.621Z,5,ozsu.durmaz@example.com
2002-07-31T11:47:56.838Z,20,megan.howard@example.com
2011-03-07T16:30:21.643Z,11,karl.morales@example.com
2003-11-26T05:51:53.331Z,19,anabela.renaud@example.com
2016-05-26T09:19:28.613Z,6,ronja.elo@example.com
2014-09-05T10:45:57.771Z,8,hans-detlef.moser@example.com
2015-03-17T20:09:42.914Z,7,melvin.king@example.com
2016-02-07T17:09:51.753Z,6,yves.robert@example.com
2005-01-03T17:57:04.246Z,17,judy.montgomery@example.com
2014-10-18T04:42:54.078Z,8,terrence.walters@example.com
2014-11-18T03:42:51.409Z,8,leslie.cox@example.com
2003-09-02T20:13:50.463Z,19,logan.thomas@example.com
2013-02-24T19:32:13.205Z,9,camille.nicolas@example.com
2004-03-26T14:20:56.270Z,18,pierre.brunet@example.com
2002-08-18T05:53:57.199Z,20,emil.koskinen@example.com
2005-03-10T05:45:55.066Z,17,deniz.eronat@example.com
2009-03-04T21:34:10.045Z,13,ezra.king@example.com
2013-09-13T01:32:35.460Z,9,rudinele.darosa@example.com
2016-03-05T22:42:17.398Z,6,romaisae.vandenadel@example.com
2012-12-28T17:20:32.029Z,10,jayden.ambrose@example.com
2017-07-16T00:35:18.001Z,5,philip.morgan@example.com
2009-06-23T07:55:15.455Z,13,addison.french@example.com
2013-05-02T10:08:29.777Z,9,valtteri.tervo@example.com
2005-04-15T22:49:32.866Z,17,ingbert.goldschmidt@example.com
2019-02-03T20:21:29.547Z,3,valdemar.christiansen@example.com
2008-09-26T05:18:20.455Z,14,thor.flatland@example.com
2012-12-08T22:34:37.661Z,10,brielle.bouchard@example.com
2017-02-22T06:15:48.611Z,5,liam.douglas@example.com
2010-07-22T01:02:33.566Z,12,georgia.schmidt@example.com
2014-09-11T17:11:17.704Z,8,michael.kuhn@example.com
2015-10-19T02:31:30.391Z,7,andresa.rezende@example.com
2004-08-22T06:54:38.929Z,18,enrique.day@example.com
2014-08-15T07:03:11.960Z,8,nicoline.mortensen@example.com
2013-07-04T13:32:20.763Z,9,camille.bouchard@example.com
2014-01-09T00:15:43.917Z,8,kendra.holtslag@example.com
2010-11-07T20:29:17.285Z,12,angel.molina@example.com
2013-05-03T08:03:24.235Z,9,scarlett.lowe@example.com
2014-01-20T08:19:45.161Z,8,timm.keil@example.com
2012-12-28T02:45:39.541Z,10,josephine.lopez@example.com
2018-07-23T21:36:38.188Z,4,kristin.coleman@example.com
2017-11-25T22:27:50.073Z,5,beth.green@example.com
2017-08-31T19:51:37.225Z,5,naja.moller@example.com
2010-07-02T14:08:31.201Z,12,luis.soler@example.com
2004-06-23T16:15:27.356Z,18,delphine.young@example.com
2014-10-03T03:51:36.583Z,8,ethan.thomas@example.com
2009-03-19T22:24:24.090Z,13,mareile.stephan@example.com
2019-08-09T10:28:42.326Z,3,mikkel.christiansen@example.com
2019-04-29T21:02:12.336Z,3,scarlett.thompson@example.com
2014-01-16T14:10:00.536Z,8,ambrosio.araujo@example.com
2014-02-16T06:49:58.716Z,8,ivan.king@example.com
2019-03-01T10:30:24.214Z,3,brent.phillips@example.com
2018-07-17T18:53:33.474Z,4,kayla.bishop@example.com
2011-07-11T09:18:22.962Z,11,naomi.thompson@example.com
2006-06-16T00:04:03.944Z,16,kubra.kunter@example.com
2007-04-26T01:54:01.436Z,15,elsa.morin@example.com
2012-12-26T05:05:25.807Z,10,sharen.ekkelboom@example.com
2004-09-07T03:49:28.150Z,18,janske.vanhintum@example.com
2019-01-08T03:09:26.405Z,3,ernest.fournier@example.com
2003-10-31T05:33:03.678Z,19,asta.jorgensen@example.com
2013-08-24T05:24:22.498Z,9,mare.brink@example.com
2003-12-14T09:43:13.780Z,19,roland.boyd@example.com
2005-09-21T10:44:19.349Z,17,celian.sanchez@example.com
2014-10-09T04:31:41.528Z,8,ernest.romero@example.com
2004-01-03T19:40:30.461Z,18,milo.narvestad@example.com
2017-12-19T22:06:08.268Z,5,perry.spencer@example.com
2009-05-02T10:26:23.653Z,13,elsa.wetzel@example.com
2009-03-08T08:31:16.456Z,13,mael.renaud@example.com
2002-03-25T07:12:46.769Z,20,annett.grosch@example.com
2015-02-18T06:18:18.760Z,7,joona.raisanen@example.com
2016-01-17T09:28:47.664Z,6,emil.wainio@example.com
2007-11-22T18:43:54.791Z,15,susie.hopkins@example.com
2006-04-25T21:45:02.129Z,16,luis.roy@example.com
2007-09-09T05:55:50.994Z,15,ceyhan.balci@example.com
2015-08-15T00:43:55.640Z,7,clarissa.daconceicao@example.com
2018-01-27T13:31:33.744Z,4,layla.anderson@example.com
2002-03-24T13:33:01.911Z,20,eckhard.figge@example.com
2013-08-24T08:49:00.835Z,9,rifka.bolding@example.com
2015-06-29T11:49:29.209Z,7,alexandra.cooper@example.com
2003-02-13T16:39:51.610Z,19,andreas.poulsen@example.com
2006-08-12T17:26:44.944Z,16,mina.oyan@example.com
2013-10-07T21:08:20.517Z,9,valdelaine.ferreira@example.com
2016-07-13T14:27:13.272Z,6,georgios.marchand@example.com
2019-06-08T04:12:49.334Z,3,deniz.gunday@example.com
2005-04-11T19:17:53.039Z,17,sm.aalyzdh@example.com
2005-08-28T06:44:32.533Z,17,elias.savela@example.com
2009-03-09T00:12:52.920Z,13,etienne.denys@example.com
